citation,document_number,end_page,html_url,pdf_url,type,subtype,publication_date,signing_date,start_page,title,disposition_notes,executive_order_number,not_received_for_publication
86 FR 6833, 2021-01712,6834,https://www.federalregister.gov/documents/2021/01/25/2021-01712/care-of-veterans-with-service-in-uzbekistan,https://www.govinfo.gov/content/pkg/FR-2021-01-25/pdf/2021-01712.pdf,Presidential Document,Executive Order,01/25/2021,2021-01-19,6833,Care of Veterans With Service in Uzbekistan,"",13982,""
86 FR 6835, 2021-01713,6835,https://www.federalregister.gov/documents/2021/01/25/2021-01713/revocation-of-executive-order-13770,https://www.govinfo.gov/content/pkg/FR-2021-01-25/pdf/2021-01713.pdf,Presidential Document,Executive Order,01/25/2021,2021-01-19,6835,Revocation of Executive Order 13770,"Revokes: EO 13770, January 28, 2017",13983,""
86 FR 6837, 2021-01714,6842,https://www.federalregister.gov/documents/2021/01/25/2021-01714/taking-additional-steps-to-address-the-national-emergency-with-respect-to-significant-malicious,https://www.govinfo.gov/content/pkg/FR-2021-01-25/pdf/2021-01714.pdf,Presidential Document,Executive Order,01/25/2021,2021-01-19,6837,Taking Additional Steps To Address the National Emergency With Respect to Significant Malicious Cyber- Enabled Activities,"Amends: EO 13694, April 1, 2015",13984,""
86 FR 6803, 2021-01635,6806,https://www.federalregister.gov/documents/2021/01/22/2021-01635/protecting-law-enforcement-officers-judges-prosecutors-and-their-families,https://www.govinfo.gov/content/pkg/FR-2021-01-22/pdf/2021-01635.pdf,Presidential Document,Executive Order,01/22/2021,2021-01-18,6803,"Protecting Law Enforcement Officers, Judges, Prosecutors, and Their Families","",13977,""
86 FR 6821, 2021-01646,6823,https://www.federalregister.gov/documents/2021/01/22/2021-01646/protecting-the-united-states-from-certain-unmanned-aircraft-systems,https://www.govinfo.gov/content/pkg/FR-2021-01-22/pdf/2021-01646.pdf,Presidential Document,Executive Order,01/22/2021,2021-01-18,6821,Protecting the United States From Certain Unmanned Aircraft Systems,"",13981,""
86 FR 6809, 2021-01643,6812,https://www.federalregister.gov/documents/2021/01/22/2021-01643/building-the-national-garden-of-american-heroes,https://www.govinfo.gov/content/pkg/FR-2021-01-22/pdf/2021-01643.pdf,Presidential Document,Executive Order,01/22/2021,2021-01-18,6809,Building the National Garden of American Heroes,"Amends: EO 13934, July 3, 2020; Revoked by: EO 14029, May 14, 2021",13978,""
86 FR 6813, 2021-01644,6815,https://www.federalregister.gov/documents/2021/01/22/2021-01644/ensuring-democratic-accountability-in-agency-rulemaking,https://www.govinfo.gov/content/pkg/FR-2021-01-22/pdf/2021-01644.pdf,Presidential Document,Executive Order,01/22/2021,2021-01-18,6813,Ensuring Democratic Accountability in Agency Rulemaking,"See: EO 12866, September 30, 1993; Revoked by: EO 14018, February 24, 2021",13979,""
86 FR 6817, 2021-01645,6820,https://www.federalregister.gov/documents/2021/01/22/2021-01645/protecting-americans-from-overcriminalization-through-regulatory-reform,https://www.govinfo.gov/content/pkg/FR-2021-01-22/pdf/2021-01645.pdf,Presidential Document,Executive Order,01/22/2021,2021-01-18,6817,Protecting Americans From Overcriminalization Through Regulatory Reform,"Revoked by: EO 14029, May 14, 2021",13980,""
86 FR 6547, 2021-01469,6548,https://www.federalregister.gov/documents/2021/01/21/2021-01469/encouraging-buy-american-policies-for-the-united-states-postal-service,https://www.govinfo.gov/content/pkg/FR-2021-01-21/pdf/2021-01469.pdf,Presidential Document,Executive Order,01/21/2021,2021-01-14,6547,Encouraging Buy American Policies for the United States Postal Service,"See: EO 13788, April 18, 2017; EO 13858, January 31, 2019; EO 13881, July 15, 2019; Revoked by: EO 14006, January 25, 2021",13975,""
86 FR 6549, 2021-01476,6552,https://www.federalregister.gov/documents/2021/01/21/2021-01476/establishing-the-wildland-fire-management-policy-committee,https://www.govinfo.gov/content/pkg/FR-2021-01-21/pdf/2021-01476.pdf,Presidential Document,Executive Order,01/21/2021,2021-01-14,6549,Establishing the Wildland Fire Management Policy Committee,"See: EO 13855, December 21, 2018",13976,""
86 FR 4875, 2021-01228,4876,https://www.federalregister.gov/documents/2021/01/19/2021-01228/amending-executive-order-13959addressing-the-threat-from-securities-investments-that-finance,https://www.govinfo.gov/content/pkg/FR-2021-01-19/pdf/2021-01228.pdf,Presidential Document,Executive Order,01/19/2021,2021-01-13,4875,Amending Executive Order 13959Addressing the Threat From Securities Investments That Finance Communist Chinese Military Companies,"Amends: EO 13959, November 12, 2020 
Revoked by: EO 14032, June 3, 2021",13974,""
86 FR 3733, 2021-01094,3734,https://www.federalregister.gov/documents/2021/01/15/2021-01094/providing-an-order-of-succession-within-the-environmental-protection-agency,https://www.govinfo.gov/content/pkg/FR-2021-01-15/pdf/2021-01094.pdf,Presidential Document,Executive Order,01/15/2021,2021-01-08,3733,Providing an Order of Succession Within the Environmental Protection Agency,"Revokes: EO 13763, January 13, 2017",13973,""
86 FR 3727, 2021-01013,3731,https://www.federalregister.gov/documents/2021/01/14/2021-01013/promoting-small-modular-reactors-for-national-defense-and-space-exploration,https://www.govinfo.gov/content/pkg/FR-2021-01-14/pdf/2021-01013.pdf,Presidential Document,Executive Order,01/14/2021,2021-01-05,3727,Promoting Small Modular Reactors for National Defense and Space Exploration,"",13972,""
86 FR 1249, 2021-00305,1251,https://www.federalregister.gov/documents/2021/01/08/2021-00305/addressing-the-threat-posed-by-applications-and-other-software-developed-or-controlled-by-chinese,https://www.govinfo.gov/content/pkg/FR-2021-01-08/pdf/2021-00305.pdf,Presidential Document,Executive Order,01/08/2021,2021-01-05,1249,Addressing the Threat Posed by Applications and Other Software Developed or Controlled by Chinese Companies,"See: EO 13873, May 15, 2019 
Revoked by: EO 14034, June 9, 2021",13971,""
86 FR 421, 2021-00040,433,https://www.federalregister.gov/documents/2021/01/06/2021-00040/adjustments-of-certain-rates-of-pay,https://www.govinfo.gov/content/pkg/FR-2021-01-06/pdf/2021-00040.pdf,Presidential Document,Executive Order,01/06/2021,2020-12-31,421,Adjustments of Certain Rates of Pay,"Supersedes: EO 13901, December 26, 2019 
Superseded by: EO 14061, December 22, 2021",13970,""
86 FR 219, 2020-29235,221,https://www.federalregister.gov/documents/2021/01/04/2020-29235/expanding-educational-opportunity-through-school-choice,https://www.govinfo.gov/content/pkg/FR-2021-01-04/pdf/2020-29235.pdf,Presidential Document,Executive Order,01/04/2021,2020-12-28,219,Expanding Educational Opportunity Through School Choice,"",13969,""
85 FR 83745, 2020-28606,83746,https://www.federalregister.gov/documents/2020/12/23/2020-28606/promoting-redemption-of-savings-bonds,https://www.govinfo.gov/content/pkg/FR-2020-12-23/pdf/2020-28606.pdf,Presidential Document,Executive Order,12/23/2020,2020-12-18,83745,Promoting Redemption of Savings Bonds,"",13968,""
85 FR 83739, 2020-28605,83744,https://www.federalregister.gov/documents/2020/12/23/2020-28605/promoting-beautiful-federal-civic-architecture,https://www.govinfo.gov/content/pkg/FR-2020-12-23/pdf/2020-28605.pdf,Presidential Document,Executive Order,12/23/2020,2020-12-18,83739,Promoting Beautiful Federal Civic Architecture,"Revoked by: EO 14018, February 24, 2021",13967,""
85 FR 81777, 2020-27948,81780,https://www.federalregister.gov/documents/2020/12/17/2020-27948/increasing-economic-and-geographic-mobility,https://www.govinfo.gov/content/pkg/FR-2020-12-17/pdf/2020-27948.pdf,Presidential Document,Executive Order,12/17/2020,2020-12-14,81777,Increasing Economic and Geographic Mobility,"See: EO 13777, February 24, 2017",13966,""
85 FR 81337, 2020-27807,81338,https://www.federalregister.gov/documents/2020/12/16/2020-27807/providing-for-the-closing-of-executive-departments-and-agencies-of-the-federal-government-on,https://www.govinfo.gov/content/pkg/FR-2020-12-16/pdf/2020-27807.pdf,Presidential Document,Executive Order,12/16/2020,2020-12-11,81337,"Providing for the Closing of Executive Departments and Agencies of the Federal Government on December 24, 2020","See: EO 11582, February 11, 1971",13965,""
85 FR 81331, 2020-27739,81332,https://www.federalregister.gov/documents/2020/12/15/2020-27739/providing-an-order-of-succession-within-the-department-of-defense,https://www.govinfo.gov/content/pkg/FR-2020-12-15/pdf/2020-27739.pdf,Presidential Document,Executive Order,12/15/2020,2020-12-10,81331,Providing an Order of Succession Within the Department of Defense,"Revokes: EO 13533, March 1, 2010",13963,""
85 FR 81333, 2020-27740,81335,https://www.federalregister.gov/documents/2020/12/15/2020-27740/rebranding-united-states-foreign-assistance-to-advance-american-influence,https://www.govinfo.gov/content/pkg/FR-2020-12-15/pdf/2020-27740.pdf,Presidential Document,Executive Order,12/15/2020,2020-12-10,81333,Rebranding United States Foreign Assistance To Advance American Influence,"Revoked by: EO 14029, May 14, 2021",13964,""
85 FR 79777, 2020-27455,79778,https://www.federalregister.gov/documents/2020/12/11/2020-27455/ensuring-access-to-united-states-government-covid-19-vaccines,https://www.govinfo.gov/content/pkg/FR-2020-12-11/pdf/2020-27455.pdf,Presidential Document,Executive Order,12/11/2020,2020-12-08,79777,Ensuring Access to United States Government COVID-19 Vaccines,"",13962,""
85 FR 79379, 2020-27353,79381,https://www.federalregister.gov/documents/2020/12/10/2020-27353/governance-and-integration-of-federal-mission-resilience,https://www.govinfo.gov/content/pkg/FR-2020-12-10/pdf/2020-27353.pdf,Presidential Document,Executive Order,12/10/2020,2020-12-07,79379,Governance and Integration of Federal Mission Resilience,"Amends: EO 13618, July 6, 2012",13961,""
85 FR 78939, 2020-27065,78943,https://www.federalregister.gov/documents/2020/12/08/2020-27065/promoting-the-use-of-trustworthy-artificial-intelligence-in-the-federal-government,https://www.govinfo.gov/content/pkg/FR-2020-12-08/pdf/2020-27065.pdf,Presidential Document,Executive Order,12/08/2020,2020-12-03,78939,Promoting the Use of Trustworthy Artificial Intelligence in the Federal Government,"See: EO 13859, February 11, 2019",13960,""
85 FR 73185, 2020-25459,73189,https://www.federalregister.gov/documents/2020/11/17/2020-25459/addressing-the-threat-from-securities-investments-that-finance-communist-chinese-military-companies,https://www.govinfo.gov/content/pkg/FR-2020-11-17/pdf/2020-25459.pdf,Presidential Document,Executive Order,11/17/2020,2020-11-12,73185,Addressing the Threat From Securities Investments That Finance Communist Chinese Military Companies,"Amended by: EO 13974, January 13, 2021 
Superseded in part by: EO 14032, June 3, 2021",13959,""
85 FR 70951, 2020-24793,70954,https://www.federalregister.gov/documents/2020/11/05/2020-24793/establishing-the-presidents-advisory-1776-commission,https://www.govinfo.gov/content/pkg/FR-2020-11-05/pdf/2020-24793.pdf,Presidential Document,Executive Order,11/05/2020,2020-11-02,70951,Establishing the President's Advisory 1776 Commission,"Revoked by: EO 13985, January 1, 2021",13958,""
85 FR 67631, 2020-23780,67635,https://www.federalregister.gov/documents/2020/10/26/2020-23780/creating-schedule-f-in-the-excepted-service,https://www.govinfo.gov/content/pkg/FR-2020-10-26/pdf/2020-23780.pdf,Presidential Document,Executive Order,10/26/2020,2020-10-21,67631,Creating Schedule F in the Excepted Service,"Revoked by: EO 14003 of January 22, 2021",13957,""
85 FR 65647, 2020-23116,65650,https://www.federalregister.gov/documents/2020/10/16/2020-23116/modernizing-americas-water-resource-management-and-water-infrastructure,https://www.govinfo.gov/content/pkg/FR-2020-10-16/pdf/2020-23116.pdf,Presidential Document,Executive Order,10/16/2020,2020-10-13,65647,Modernizing America's Water Resource Management and Water Infrastructure,"",13956,""
85 FR 65643, 2020-23115,65645,https://www.federalregister.gov/documents/2020/10/16/2020-23115/establishing-the-one-trillion-trees-interagency-council,https://www.govinfo.gov/content/pkg/FR-2020-10-16/pdf/2020-23115.pdf,Presidential Document,Executive Order,10/16/2020,2020-10-13,65643,Establishing the One Trillion Trees Interagency Council,"See: EO 13855, December 21, 2018",13955,""
85 FR 63977, 2020-22510,63979,https://www.federalregister.gov/documents/2020/10/08/2020-22510/saving-lives-through-increased-support-for-mental--and-behavioral-health-needs,https://www.govinfo.gov/content/pkg/FR-2020-10-08/pdf/2020-22510.pdf,Presidential Document,Executive Order,10/08/2020,2020-10-03,63977,Saving Lives Through Increased Support for Mental- and Behavioral-Health Needs,"",13954,""
85 FR 62539, 2020-22064,62544,https://www.federalregister.gov/documents/2020/10/05/2020-22064/addressing-the-threat-to-the-domestic-supply-chain-from-reliance-on-critical-minerals-from-foreign,https://www.govinfo.gov/content/pkg/FR-2020-10-05/pdf/2020-22064.pdf,Presidential Document,Executive Order,10/05/2020,2020-09-30,62539,Addressing the Threat to the Domestic Supply Chain From Reliance on Critical Minerals From Foreign Adversaries and Supporting the Domestic Mining and Processing Industries,"Amends: EO 13817, December 20, 2017; See: EO 13603, March 16, 2012",13953,""
85 FR 62187, 2020-21960,62189,https://www.federalregister.gov/documents/2020/10/02/2020-21960/protecting-vulnerable-newborn-and-infant-children,https://www.govinfo.gov/content/pkg/FR-2020-10-02/pdf/2020-21960.pdf,Presidential Document,Executive Order,10/02/2020,2020-09-25,62187,Protecting Vulnerable Newborn and Infant Children,"",13952,""
85 FR 62179, 2020-21914,62186,https://www.federalregister.gov/documents/2020/10/01/2020-21914/an-america-first-healthcare-plan,https://www.govinfo.gov/content/pkg/FR-2020-10-01/pdf/2020-21914.pdf,Presidential Document,Executive Order,10/01/2020,2020-09-24,62179,An America-First Healthcare Plan,"See: EO 13813, October 12, 2017; EO 13861, March 5, 2019; EO 13877, June 24, 2019; EO 13879, July 10, 2019; EO 13890, October 3, 2019; EO 13887, October 19, 2019; EO 13937, July 24, 2020; EO 13938, July 24, 2020; EO 13939, July 24, 2020; EO 13941, August 3, 2020; EO 13944, August 6, 2020; EO 13948, September 3, 2020",13951,""
85 FR 60683, 2020-21534,60689,https://www.federalregister.gov/documents/2020/09/28/2020-21534/combating-race-and-sex-stereotyping,https://www.govinfo.gov/content/pkg/FR-2020-09-28/pdf/2020-21534.pdf,Presidential Document,Executive Order,09/28/2020,2020-09-22,60683,Combating Race and Sex Stereotyping,"See: EO 11246, September 24, 1965; Revoked by: EO 13985, January 20, 2021",13950,""
85 FR 59649, 2020-21129,59650,https://www.federalregister.gov/documents/2020/09/23/2020-21129/lowering-drug-prices-by-putting-america-first,https://www.govinfo.gov/content/pkg/FR-2020-09-23/pdf/2020-21129.pdf,Presidential Document,Executive Order,09/23/2020,2020-09-13,59649,Lowering Drug Prices by Putting America First,"Revokes: EO 13947, July 24, 2020",13948,""
85 FR 60043, 2020-21160,60046,https://www.federalregister.gov/documents/2020/09/23/2020-21160/blocking-property-of-certain-persons-with-respect-to-the-conventional-arms-activities-of-iran,https://www.govinfo.gov/content/pkg/FR-2020-09-23/pdf/2020-21160.pdf,Presidential Document,Executive Order,09/23/2020,2020-09-21,60043,Blocking Property of Certain Persons With Respect to the Conventional Arms Activities of Iran,"See: EO 12170, November 14, 1979;  EO 12281, January 19, 1981; EO 12957, March 15, 1995",13949,""
85 FR 59171, 2020-20887,59172,https://www.federalregister.gov/documents/2020/09/18/2020-20887/lowering-drug-prices-by-putting-america-first,https://www.govinfo.gov/content/pkg/FR-2020-09-18/pdf/2020-20887.pdf,Presidential Document,Executive Order,09/18/2020,2020-07-24,59171,Lowering Drug Prices by Putting America First,"",13947,""
85 FR 52879, 2020-19032,52880,https://www.federalregister.gov/documents/2020/08/27/2020-19032/targeting-opportunity-zones-and-other-distressed-communities-for-federal-site-locations,https://www.govinfo.gov/content/pkg/FR-2020-08-27/pdf/2020-19032.pdf,Presidential Document,Executive Order,08/27/2020,2020-08-24,52879,Targeting Opportunity Zones and Other Distressed Communities for Federal Site Locations,"Amends: EO 12072, August 16, 1978; EO 13006, May 21, 1996
Revoked by: EO 14091, February 16, 2023",13946,""
85 FR 49935, 2020-18015,49937,https://www.federalregister.gov/documents/2020/08/14/2020-18015/fighting-the-spread-of-covid-19-by-providing-assistance-to-renters-and-homeowners,https://www.govinfo.gov/content/pkg/FR-2020-08-14/pdf/2020-18015.pdf,Presidential Document,Executive Order,08/14/2020,2020-08-08,49935,Fighting the Spread of COVID-19 by Providing Assistance to Renters and Homeowners,"",13945,""
85 FR 49929, 2020-18012,49934,https://www.federalregister.gov/documents/2020/08/14/2020-18012/combating-public-health-emergencies-and-strengthening-national-security-by-ensuring-essential,https://www.govinfo.gov/content/pkg/FR-2020-08-14/pdf/2020-18012.pdf,Presidential Document,Executive Order,08/14/2020,2020-08-06,49929,"Combating Public Health Emergencies and Strengthening National Security by Ensuring Essential Medicines, Medical Countermeasures, and Critical Inputs Are Made in the United States","See: EO 13603, March 16, 2012",13944,""
85 FR 48637, 2020-17699,48639,https://www.federalregister.gov/documents/2020/08/11/2020-17699/addressing-the-threat-posed-by-tiktok-and-taking-additional-steps-to-address-the-national-emergency,https://www.govinfo.gov/content/pkg/FR-2020-08-11/pdf/2020-17699.pdf,Presidential Document,Executive Order,08/11/2020,2020-08-06,48637,"Addressing the Threat Posed by TikTok, and Taking Additional Steps To Address the National Emergency With Respect to the Information and Communications Technology and Services Supply Chain","See: EO 13873, May 15, 2019 
Revoked by: EO 14034, June 9, 2021",13942,""
85 FR 48641, 2020-17700,48643,https://www.federalregister.gov/documents/2020/08/11/2020-17700/addressing-the-threat-posed-by-wechat-and-taking-additional-steps-to-address-the-national-emergency,https://www.govinfo.gov/content/pkg/FR-2020-08-11/pdf/2020-17700.pdf,Presidential Document,Executive Order,08/11/2020,2020-08-06,48641,"Addressing the Threat Posed by WeChat, and Taking Additional Steps To Address the National Emergency With Respect to the Information and Communications Technology and Services Supply Chain","See: EO 13873, May 15, 2019; EO 13942, August 6, 2020 
Revoked by: EO 14034, June 9, 2021",13943,""
85 FR 47881, 2020-17364,47883,https://www.federalregister.gov/documents/2020/08/06/2020-17364/improving-rural-health-and-telehealth-access,https://www.govinfo.gov/content/pkg/FR-2020-08-06/pdf/2020-17364.pdf,Presidential Document,Executive Order,08/06/2020,2020-08-03,47881,Improving Rural Health and Telehealth Access,"",13941,""
85 FR 47879, 2020-17363,47880,https://www.federalregister.gov/documents/2020/08/06/2020-17363/aligning-federal-contracting-and-hiring-practices-with-the-interests-of-american-workers,https://www.govinfo.gov/content/pkg/FR-2020-08-06/pdf/2020-17363.pdf,Presidential Document,Executive Order,08/06/2020,2020-08-03,47879,Aligning Federal Contracting and Hiring Practices With the Interests of American Workers,"See: EO 11935, September 2, 1976",13940,""
85 FR 45755, 2020-16623,45756,https://www.federalregister.gov/documents/2020/07/29/2020-16623/access-to-affordable-life-saving-medications,https://www.govinfo.gov/content/pkg/FR-2020-07-29/pdf/2020-16623.pdf,Presidential Document,Executive Order,07/29/2020,2020-07-24,45755,Access to Affordable Life-Saving Medications,"",13937,""
85 FR 45757, 2020-16624,45758,https://www.federalregister.gov/documents/2020/07/29/2020-16624/increasing-drug-importation-to-lower-prices-for-american-patients,https://www.govinfo.gov/content/pkg/FR-2020-07-29/pdf/2020-16624.pdf,Presidential Document,Executive Order,07/29/2020,2020-07-24,45757,Increasing Drug Importation To Lower Prices for American Patients,"",13938,""
85 FR 45759, 2020-16625,45760,https://www.federalregister.gov/documents/2020/07/29/2020-16625/lowering-prices-for-patients-by-eliminating-kickbacks-to-middlemen,https://www.govinfo.gov/content/pkg/FR-2020-07-29/pdf/2020-16625.pdf,Presidential Document,Executive Order,07/29/2020,2020-07-24,45759,Lowering Prices for Patients by Eliminating Kickbacks to Middlemen,"",13939,""
85 FR 43413, 2020-15646,43417,https://www.federalregister.gov/documents/2020/07/17/2020-15646/the-presidents-executive-order-on-hong-kong-normalization,https://www.govinfo.gov/content/pkg/FR-2020-07-17/pdf/2020-15646.pdf,Presidential Document,Executive Order,07/17/2020,2020-07-14,43413,The President's Executive Order on Hong Kong Normalization,"",13936,""
85 FR 42683, 2020-15338,42686,https://www.federalregister.gov/documents/2020/07/14/2020-15338/white-house-hispanic-prosperity-initiative,https://www.govinfo.gov/content/pkg/FR-2020-07-14/pdf/2020-15338.pdf,Presidential Document,Executive Order,07/14/2020,2020-07-09,42683,White House Hispanic Prosperity Initiative,"Supersedes: EO 13555, October 19, 2010 
Partially supersedes: EO 13889, September 27, 2019 
Superseded by: EO 14045, September 13, 2021",13935,""
85 FR 41165, 2020-14872,41168,https://www.federalregister.gov/documents/2020/07/08/2020-14872/building-and-rebuilding-monuments-to-american-heroes,https://www.govinfo.gov/content/pkg/FR-2020-07-08/pdf/2020-14872.pdf,Presidential Document,Executive Order,07/08/2020,2020-07-03,41165,Building and Rebuilding Monuments to American Heroes,"See: EO 13933, June 26, 2020; Revoked by: EO 13978, January 18, 2021",13934,""
85 FR 40081, 2020-14509,40084,https://www.federalregister.gov/documents/2020/07/02/2020-14509/protecting-american-monuments-memorials-and-statues-and-combating-recent-criminal-violence,https://www.govinfo.gov/content/pkg/FR-2020-07-02/pdf/2020-14509.pdf,Presidential Document,Executive Order,07/02/2020,2020-06-26,40081,"Protecting American Monuments, Memorials, and Statues and Combating Recent Criminal Violence","Revoked by: EO 14029, May 14, 2021",13933,""
85 FR 39457, 2020-14337,39459,https://www.federalregister.gov/documents/2020/07/01/2020-14337/modernizing-and-reforming-the-assessment-and-hiring-of-federal-job-candidates,https://www.govinfo.gov/content/pkg/FR-2020-07-01/pdf/2020-14337.pdf,Presidential Document,Executive Order,07/01/2020,2020-06-26,39457,Modernizing and Reforming the Assessment and Hiring of Federal Job Candidates,"",13932,""
85 FR 39455, 2020-14328,39455,https://www.federalregister.gov/documents/2020/07/01/2020-14328/continuing-the-presidents-national-council-for-the-american-worker-and-the-american-workforce-policy,https://www.govinfo.gov/content/pkg/FR-2020-07-01/pdf/2020-14328.pdf,Presidential Document,Executive Order,07/01/2020,2020-06-26,39455,Continuing the President's National Council for the American Worker and the American Workforce Policy Advisory Board,"See: EO 13845, July 19, 2018; Revoked by: EO 14025 of April 26, 2021",13931,""
85 FR 38741, 2020-14077,38745,https://www.federalregister.gov/documents/2020/06/29/2020-14077/strengthening-the-child-welfare-system-for-americas-children,https://www.govinfo.gov/content/pkg/FR-2020-06-29/pdf/2020-14077.pdf,Presidential Document,Executive Order,06/29/2020,2020-06-24,38741,Strengthening the Child Welfare System for America's Children,"",13930,""
85 FR 37325, 2020-13449,37328,https://www.federalregister.gov/documents/2020/06/19/2020-13449/safe-policing-for-safe-communities,https://www.govinfo.gov/content/pkg/FR-2020-06-19/pdf/2020-13449.pdf,Presidential Document,Executive Order,06/19/2020,2020-06-16,37325,Safe Policing for Safe Communities,"Revoked by: EO 14074, May 25, 2022",13929,""
85 FR 36139, 2020-12953,36142,https://www.federalregister.gov/documents/2020/06/15/2020-12953/blocking-property-of-certain-persons-associated-with-the-international-criminal-court,https://www.govinfo.gov/content/pkg/FR-2020-06-15/pdf/2020-12953.pdf,Presidential Document,Executive Order,06/15/2020,2020-06-11,36139,Blocking Property of Certain Persons Associated With the International Criminal Court,"Revoked by: EO 14022, April 1, 2021",13928,""
85 FR 35165, 2020-12584,35170,https://www.federalregister.gov/documents/2020/06/09/2020-12584/accelerating-the-nations-economic-recovery-from-the-covid-19-emergency-by-expediting-infrastructure,https://www.govinfo.gov/content/pkg/FR-2020-06-09/pdf/2020-12584.pdf,Presidential Document,Executive Order,06/09/2020,2020-06-04,35165,Accelerating the Nation's Economic Recovery From the COVID-19 Emergency by Expediting Infrastructure Investments and Other Activities,"Revoked by: EO 13990, January 20, 2021",13927,""
85 FR 34951, 2020-12430,34953,https://www.federalregister.gov/documents/2020/06/05/2020-12430/advancing-international-religious-freedom,https://www.govinfo.gov/content/pkg/FR-2020-06-05/pdf/2020-12430.pdf,Presidential Document,Executive Order,06/05/2020,2020-06-02,34951,Advancing International Religious Freedom,"See: EO 13818, December 20, 2017",13926,""
85 FR 34079, 2020-12030,34083,https://www.federalregister.gov/documents/2020/06/02/2020-12030/preventing-online-censorship,https://www.govinfo.gov/content/pkg/FR-2020-06-02/pdf/2020-12030.pdf,Presidential Document,Executive Order,06/02/2020,2020-05-28,34079,Preventing Online Censorship,"Revoked by: EO 14029, May 14, 2021",13925,""
85 FR 31353, 2020-11301,31356,https://www.federalregister.gov/documents/2020/05/22/2020-11301/regulatory-relief-to-support-economic-recovery,https://www.govinfo.gov/content/pkg/FR-2020-05-22/pdf/2020-11301.pdf,Presidential Document,Executive Order,05/22/2020,2020-05-19,31353,Regulatory Relief To Support Economic Recovery,"See: EO 13892, October 9, 2019; Revoked by: EO 14018, February 24, 2021",13924,""
85 FR 30587, 2020-10993,30588,https://www.federalregister.gov/documents/2020/05/20/2020-10993/establishment-of-the-forced-labor-enforcement-task-force-under-section-741-of-the-united-states-,https://www.govinfo.gov/content/pkg/FR-2020-05-20/pdf/2020-10993.pdf,Presidential Document,Executive Order,05/20/2020,2020-05-15,30587,Establishment of the Forced Labor Enforcement Task Force Under Section 741 of the United States- Mexico-Canada Agreement Implementation Act,"",13923,""
85 FR 30583, 2020-10953,30584,https://www.federalregister.gov/documents/2020/05/19/2020-10953/delegating-authority-under-the-defense-production-act-to-the-chief-executive-officer-of-the-united,https://www.govinfo.gov/content/pkg/FR-2020-05-19/pdf/2020-10953.pdf,Presidential Document,Executive Order,05/19/2020,2020-05-14,30583,Delegating Authority Under the Defense Production Act to the Chief Executive Officer of the United States International Development Finance Corporation To Respond to the COVID-19 Outbreak,"See: EO 13603, March 16, 2012; EO 13911, March 27, 2020",13922,""
85 FR 28471, 2020-10315,28477,https://www.federalregister.gov/documents/2020/05/12/2020-10315/promoting-american-seafood-competitiveness-and-economic-growth,https://www.govinfo.gov/content/pkg/FR-2020-05-12/pdf/2020-10315.pdf,Presidential Document,Executive Order,05/12/2020,2020-05-07,28471,Promoting American Seafood Competitiveness and Economic Growth,"See: EO 13807, August 15, 2017",13921,""
85 FR 26591, 2020-09645,26592,https://www.federalregister.gov/documents/2020/05/04/2020-09645/ordering-the-selected-reserve-of-the-armed-forces-to-active-duty,https://www.govinfo.gov/content/pkg/FR-2020-05-04/pdf/2020-09645.pdf,Presidential Document,Executive Order,05/04/2020,2020-04-30,26591,Ordering the Selected Reserve of the Armed Forces to Active Duty,"",13919,""
85 FR 26595, 2020-09695,26599,https://www.federalregister.gov/documents/2020/05/04/2020-09695/securing-the-united-states-bulk-power-system,https://www.govinfo.gov/content/pkg/FR-2020-05-04/pdf/2020-09695.pdf,Presidential Document,Executive Order,05/04/2020,2020-05-01,26595,Securing the United States Bulk-Power System,"Suspended by: EO 13990, January 20, 2021",13920,""
85 FR 26315, 2020-09537,26316,https://www.federalregister.gov/documents/2020/05/01/2020-09537/establishment-of-the-interagency-labor-committee-for-monitoring-and-enforcement-under-section-711-of,https://www.govinfo.gov/content/pkg/FR-2020-05-01/pdf/2020-09537.pdf,Presidential Document,Executive Order,05/01/2020,2020-04-28,26315,Establishment of the Interagency Labor Committee for Monitoring and Enforcement Under Section 711 of the United States-Mexico-Canada Agreement Implementation Act,"",13918,""
85 FR 26313, 2020-09536,26314,https://www.federalregister.gov/documents/2020/05/01/2020-09536/delegating-authority-under-the-defense-production-act-with-respect-to-food-supply-chain-resources,https://www.govinfo.gov/content/pkg/FR-2020-05-01/pdf/2020-09536.pdf,Presidential Document,Executive Order,05/01/2020,2020-04-28,26313,Delegating Authority Under the Defense Production Act With Respect to Food Supply Chain Resources During the National Emergency Caused by the Outbreak of COVID- 19,"See: EO 13603, March 16, 2012",13917,""
85 FR 22951, 2020-08846,22952,https://www.federalregister.gov/documents/2020/04/23/2020-08846/national-emergency-authority-to-temporarily-extend-deadlines-for-certain-estimated-payments,https://www.govinfo.gov/content/pkg/FR-2020-04-23/pdf/2020-08846.pdf,Presidential Document,Executive Order,04/23/2020,2020-04-18,22951,National Emergency Authority To Temporarily Extend Deadlines for Certain Estimated Payments,"",13916,""
85 FR 21733, 2020-08392,21734,https://www.federalregister.gov/documents/2020/04/17/2020-08392/providing-an-order-of-succession-within-the-department-of-the-interior,https://www.govinfo.gov/content/pkg/FR-2020-04-17/pdf/2020-08392.pdf,Presidential Document,Executive Order,04/17/2020,2020-04-14,21733,Providing an Order of Succession Within the Department of the Interior,"Revokes: EO 13244, December 18, 2001",13915,""
85 FR 20381, 2020-07800,20382,https://www.federalregister.gov/documents/2020/04/10/2020-07800/encouraging-international-support-for-the-recovery-and-use-of-space-resources,https://www.govinfo.gov/content/pkg/FR-2020-04-10/pdf/2020-07800.pdf,Presidential Document,Executive Order,04/10/2020,2020-04-06,20381,Encouraging International Support for the Recovery and Use of Space Resources,"",13914,""
85 FR 19643, 2020-07530,19650,https://www.federalregister.gov/documents/2020/04/08/2020-07530/establishing-the-committee-for-the-assessment-of-foreign-participation-in-the-united-states,https://www.govinfo.gov/content/pkg/FR-2020-04-08/pdf/2020-07530.pdf,Presidential Document,Executive Order,04/08/2020,2020-04-04,19643,Establishing the Committee for the Assessment of Foreign Participation in the United States Telecommunications Services Sector,"See: EO 12333, December 4, 1981; EO 14117, February 28, 2024",13913,""
85 FR 18407, 2020-06985,18408,https://www.federalregister.gov/documents/2020/04/01/2020-06985/national-emergency-authority-to-order-the-selected-reserve-and-certain-members-of-the-individual,https://www.govinfo.gov/content/pkg/FR-2020-04-01/pdf/2020-06985.pdf,Presidential Document,Executive Order,04/01/2020,2020-03-27,18407,National Emergency Authority To Order the Selected Reserve and Certain Members of the Individual Ready Reserve of the Armed Forces to Active Duty,"",13912,""
85 FR 18403, 2020-06969,18405,https://www.federalregister.gov/documents/2020/04/01/2020-06969/delegating-additional-authority-under-the-defense-production-act-with-respect-to-health-and-medical,https://www.govinfo.gov/content/pkg/FR-2020-04-01/pdf/2020-06969.pdf,Presidential Document,Executive Order,04/01/2020,2020-03-27,18403,Delegating Additional Authority Under the Defense Production Act With Respect to Health and Medical Resources To Respond to the Spread of COVID-19,"See: EO 13603, March 16, 2012; EO 13909, March 18, 2020; EO 13910, March 23, 2020",13911,""
85 FR 17001, 2020-06478,17002,https://www.federalregister.gov/documents/2020/03/26/2020-06478/preventing-hoarding-of-health-and-medical-resources-to-respond-to-the-spread-of-covid-19,https://www.govinfo.gov/content/pkg/FR-2020-03-26/pdf/2020-06478.pdf,Presidential Document,Executive Order,03/26/2020,2020-03-23,17001,Preventing Hoarding of Health and Medical Resources To Respond to the Spread of COVID-19,"See: EO 13909, March 18, 2020; Revoked by: EO 14122, April 12, 2024",13910,""
85 FR 16227, 2020-06161,16228,https://www.federalregister.gov/documents/2020/03/23/2020-06161/prioritizing-and-allocating-health-and-medical-resources-to-respond-to-the-spread-of-covid-19,https://www.govinfo.gov/content/pkg/FR-2020-03-23/pdf/2020-06161.pdf,Presidential Document,Executive Order,03/23/2020,2020-03-18,16227,Prioritizing and Allocating Health and Medical Resources to Respond to the Spread of COVID-19,"See: EO 13603, March 16, 2012",13909,""
85 FR 12983, 2020-04755,12984,https://www.federalregister.gov/documents/2020/03/06/2020-04755/establishment-of-the-interagency-committee-on-trade-in-automotive-goods-under-section-202a-of-the,https://www.govinfo.gov/content/pkg/FR-2020-03-06/pdf/2020-04755.pdf,Presidential Document,Executive Order,03/06/2020,2020-02-28,12983,Establishment of the Interagency Committee on Trade in Automotive Goods Under Section 202A of the United States Mexico Canada Agreement Implementation Act,"",13908,""
85 FR 12977, 2020-04730,12978,https://www.federalregister.gov/documents/2020/03/05/2020-04730/establishment-of-the-interagency-environment-committee-for-monitoring-and-enforcement-under-section,https://www.govinfo.gov/content/pkg/FR-2020-03-05/pdf/2020-04730.pdf,Presidential Document,Executive Order,03/05/2020,2020-02-28,12977,Establishment of the Interagency Environment Committee for Monitoring and Enforcement Under Section 811 of the United States-Mexico-Canada Agreement Implementation Act,"",13907,""
85 FR 10031, 2020-03556,10032,https://www.federalregister.gov/documents/2020/02/20/2020-03556/amending-executive-order-13803reviving-the-national-space-council,https://www.govinfo.gov/content/pkg/FR-2020-02-20/pdf/2020-03556.pdf,Presidential Document,Executive Order,02/20/2020,2020-02-13,10031,Amending Executive Order 13803Reviving the National Space Council,"Amends: EO 13803, June 30, 2017 
Revoked by: EO 14056, December 1, 2021",13906,""
85 FR 9359, 2020-03337,9361,https://www.federalregister.gov/documents/2020/02/18/2020-03337/strengthening-national-resilience-through-responsible-use-of-positioning-navigation-and-timing,https://www.govinfo.gov/content/pkg/FR-2020-02-18/pdf/2020-03337.pdf,Presidential Document,Executive Order,02/18/2020,2020-02-12,9359,"Strengthening National Resilience Through Responsible Use of Positioning, Navigation, and Timing Services","",13905,""
85 FR 6721, 2020-02438,6723,https://www.federalregister.gov/documents/2020/02/05/2020-02438/combating-human-trafficking-and-online-child-exploitation-in-the-united-states,https://www.govinfo.gov/content/pkg/FR-2020-02-05/pdf/2020-02438.pdf,Presidential Document,Executive Order,02/05/2020,2020-01-31,6721,Combating Human Trafficking and Online Child Exploitation in the United States,"See: EO 13898, November 26, 2019",13903,""
85 FR 6725, 2020-02439,6729,https://www.federalregister.gov/documents/2020/02/05/2020-02439/ensuring-safe-and-lawful-e-commerce-for-united-states-consumers-businesses-government-supply-chains,https://www.govinfo.gov/content/pkg/FR-2020-02-05/pdf/2020-02439.pdf,Presidential Document,Executive Order,02/05/2020,2020-01-31,6725,"Ensuring Safe and Lawful E-Commerce for United States Consumers, Businesses, Government Supply Chains, and Intellectual Property Rights Holders","See: EO 12549, February 18, 1986",13904,""
85 FR 2003, 2020-00534,2006,https://www.federalregister.gov/documents/2020/01/14/2020-00534/imposing-sanctions-with-respect-to-additional-sectors-of-iran,https://www.govinfo.gov/content/pkg/FR-2020-01-14/pdf/2020-00534.pdf,Presidential Document,Executive Order,01/14/2020,2020-01-10,2003,Imposing Sanctions With Respect to Additional Sectors of Iran,"See: EO 12957, March 15, 1995",13902,""
84 FR 72213, 2019-28286,72225,https://www.federalregister.gov/documents/2019/12/30/2019-28286/adjustments-of-certain-rates-of-pay,https://www.govinfo.gov/content/pkg/FR-2019-12-30/pdf/2019-28286.pdf,Presidential Document,Executive Order,12/30/2019,2019-12-26,72213,Adjustments of Certain Rates of Pay,"Supersedes:  EO 13866, March 28, 2019",13901,""
84 FR 69983, 2019-27678,69984,https://www.federalregister.gov/documents/2019/12/20/2019-27678/providing-for-the-closing-of-executive-departments-and-agencies-of-the-federal-government-on,https://www.govinfo.gov/content/pkg/FR-2019-12-20/pdf/2019-27678.pdf,Presidential Document,Executive Order,12/20/2019,2019-12-17,69983,"Providing for the Closing of Executive Departments and Agencies of the Federal Government on December 24, 2019","See: EO 11582, February 11, 1971",13900,""
84 FR 68779, 2019-27217,68780,https://www.federalregister.gov/documents/2019/12/16/2019-27217/combating-anti-semitism,https://www.govinfo.gov/content/pkg/FR-2019-12-16/pdf/2019-27217.pdf,Presidential Document,Executive Order,12/16/2019,2019-12-11,68779,Combating Anti-Semitism,"",13899,""
84 FR 66059, 2019-26178,66061,https://www.federalregister.gov/documents/2019/12/02/2019-26178/establishing-the-task-force-on-missing-and-murdered-american-indians-and-alaska-natives,https://www.govinfo.gov/content/pkg/FR-2019-12-02/pdf/2019-26178.pdf,Presidential Document,Executive Order,12/02/2019,2019-11-26,66059,Establishing the Task Force on Missing and Murdered American Indians and Alaska Natives,"",13898,""
84 FR 59709, 2019-24288,59710,https://www.federalregister.gov/documents/2019/11/05/2019-24288/improving-federal-contractor-operations-by-revoking-executive-order-13495,https://www.govinfo.gov/content/pkg/FR-2019-11-05/pdf/2019-24288.pdf,Presidential Document,Executive Order,11/05/2019,2019-10-31,59709,Improving Federal Contractor Operations by Revoking Executive Order 13495,"Revokes: EO 13495, January 30, 2009 
Revoked by: EO 14055 of November 18, 2021",13897,""
84 FR 58595, 2019-24040,58597,https://www.federalregister.gov/documents/2019/11/01/2019-24040/commission-on-law-enforcement-and-the-administration-of-justice,https://www.govinfo.gov/content/pkg/FR-2019-11-01/pdf/2019-24040.pdf,Presidential Document,Executive Order,11/01/2019,2019-10-28,58595,Commission on Law Enforcement and the Administration of Justice,"",13896,""
84 FR 57309, 2019-23525,57311,https://www.federalregister.gov/documents/2019/10/25/2019-23525/presidents-council-of-advisors-on-science-and-technology,https://www.govinfo.gov/content/pkg/FR-2019-10-25/pdf/2019-23525.pdf,Presidential Document,Executive Order,10/25/2019,2019-10-22,57309,President's Council of Advisors on Science and Technology,"Revokes: EO 13539, April 21, 2010; See: EO 12968, August 2, 1995; Revoked by: EO 14007, January 27, 2021",13895,""
84 FR 55851, 2019-22849,55855,https://www.federalregister.gov/documents/2019/10/17/2019-22849/blocking-property-and-suspending-entry-of-certain-persons-contributing-to-the-situation-in-syria,https://www.govinfo.gov/content/pkg/FR-2019-10-17/pdf/2019-22849.pdf,Presidential Document,Executive Order,10/17/2019,2019-10-14,55851,Blocking Property and Suspending Entry of Certain Persons Contributing to the Situation in Syria,"",13894,""
84 FR 55487, 2019-22749,55488,https://www.federalregister.gov/documents/2019/10/16/2019-22749/increasing-government-accountability-for-administrative-actions-by-reinvigorating-administrative,https://www.govinfo.gov/content/pkg/FR-2019-10-16/pdf/2019-22749.pdf,Presidential Document,Executive Order,10/16/2019,2019-10-10,55487,Increasing Government Accountability for Administrative Actions by Reinvigorating Administrative PAYGO,"Revoked by: EO 13992, January 20, 2021",13893,""
84 FR 55235, 2019-22623,55238,https://www.federalregister.gov/documents/2019/10/15/2019-22623/promoting-the-rule-of-law-through-improved-agency-guidance-documents,https://www.govinfo.gov/content/pkg/FR-2019-10-15/pdf/2019-22623.pdf,Presidential Document,Executive Order,10/15/2019,2019-10-09,55235,Promoting the Rule of Law Through Improved Agency Guidance Documents,"See: EO 12866, September 30, 1993; EO 13563 of January 18, 2011; EO 1609 of May 1, 2012; EO 13771 of January 30, 2017; EO 13777 of February 25, 2017; Revoked by: EO 13992, January 20, 2021",13891,""
84 FR 55239, 2019-22624,55243,https://www.federalregister.gov/documents/2019/10/15/2019-22624/promoting-the-rule-of-law-through-transparency-and-fairness-in-civil-administrative-enforcement-and,https://www.govinfo.gov/content/pkg/FR-2019-10-15/pdf/2019-22624.pdf,Presidential Document,Executive Order,10/15/2019,2019-10-09,55239,Promoting the Rule of Law Through Transparency and Fairness in Civil Administrative Enforcement and Adjudication,"Revoked by: EO 13992, January 20, 2021",13892,""
84 FR 53573, 2019-22073,53576,https://www.federalregister.gov/documents/2019/10/08/2019-22073/protecting-and-improving-medicare-for-our-nations-seniors,https://www.govinfo.gov/content/pkg/FR-2019-10-08/pdf/2019-22073.pdf,Presidential Document,Executive Order,10/08/2019,2019-10-03,53573,Protecting and Improving Medicare for Our Nation's Seniors,"See: EO 13813, October 12, 2017",13890,""
84 FR 52743, 2019-21630,52745,https://www.federalregister.gov/documents/2019/10/02/2019-21630/continuance-of-certain-federal-advisory-committees,https://www.govinfo.gov/content/pkg/FR-2019-10-02/pdf/2019-21630.pdf,Presidential Document,Executive Order,10/02/2019,2019-09-27,52743,Continuance of Certain Federal Advisory Committees,"Supersedes: EO 13811, September 29, 2017; EO 13515 of October 14, 2009 
Superseded by: EO 14031, May 28, 2021; partially superseded by: EO 14048, September 30, 2021",13889,""
84 FR 52355, 2019-21505,52356,https://www.federalregister.gov/documents/2019/10/01/2019-21505/enhancing-state-and-local-involvement-in-refugee-resettlement,https://www.govinfo.gov/content/pkg/FR-2019-10-01/pdf/2019-21505.pdf,Presidential Document,Executive Order,10/01/2019,2019-09-26,52355,Enhancing State and Local Involvement in Refugee Resettlement,"See: EO 13780, March 6, 2017; Revoked by: EO 14013, February 4, 2021",13888,""
84 FR 49935, 2019-20804,49939,https://www.federalregister.gov/documents/2019/09/24/2019-20804/modernizing-influenza-vaccines-in-the-united-states-to-promote-national-security-and-public-health,https://www.govinfo.gov/content/pkg/FR-2019-09-24/pdf/2019-20804.pdf,Presidential Document,Executive Order,09/24/2019,2019-09-19,49935,Modernizing Influenza Vaccines in the United States to Promote National Security and Public Health,"",13887,""
84 FR 48041, 2019-19895,48043,https://www.federalregister.gov/documents/2019/09/12/2019-19895/modernizing-sanctions-to-combat-terrorism,https://www.govinfo.gov/content/pkg/FR-2019-09-12/pdf/2019-19895.pdf,Presidential Document,Executive Order,09/12/2019,2019-09-09,48041,Modernizing Sanctions To Combat Terrorism,"Revokes: EO 12947, January 23, 1995; See: EO 13099, August 20, 1998; Amends: EO 13224, September 23, 2001",13886,""
84 FR 46873, 2019-19367,46874,https://www.federalregister.gov/documents/2019/09/05/2019-19367/establishing-the-national-quantum-initiative-advisory-committee,https://www.govinfo.gov/content/pkg/FR-2019-09-05/pdf/2019-19367.pdf,Presidential Document,Executive Order,09/05/2019,2019-08-30,46873,Establishing the National Quantum Initiative Advisory Committee,"Revoked by: EO 14073, May 4, 2022
See: EO 13526, December 29, 2009",13885,""
84 FR 38843, 2019-17052,38845,https://www.federalregister.gov/documents/2019/08/07/2019-17052/blocking-property-of-the-government-of-venezuela,https://www.govinfo.gov/content/pkg/FR-2019-08-07/pdf/2019-17052.pdf,Presidential Document,Executive Order,08/07/2019,2019-08-05,38843,Blocking Property of the Government of Venezuela,"See: EO 13692, March 8, 2015",13884,""
84 FR 38113, 2019-16879,38114,https://www.federalregister.gov/documents/2019/08/05/2019-16879/administration-of-proliferation-sanctions-and-amendment-of-executive-order-12851,https://www.govinfo.gov/content/pkg/FR-2019-08-05/pdf/2019-16879.pdf,Presidential Document,Executive Order,08/05/2019,2019-08-01,38113,Administration of Proliferation Sanctions and Amendment of Executive Order 12851,"See: EO 12938, November 14, 1994; Amends: EO 12851, June 11, 1993",13883,""
84 FR 37055, 2019-16383,37058,https://www.federalregister.gov/documents/2019/07/30/2019-16383/blocking-property-and-suspending-entry-of-certain-persons-contributing-to-the-situation-in-mali,https://www.govinfo.gov/content/pkg/FR-2019-07-30/pdf/2019-16383.pdf,Presidential Document,Executive Order,07/30/2019,2019-07-26,37055,Blocking Property and Suspending Entry of Certain Persons Contributing to the Situation in Mali,"",13882,""
84 FR 34257, 2019-15449,34259,https://www.federalregister.gov/documents/2019/07/18/2019-15449/maximizing-use-of-american-made-goods-products-and-materials,https://www.govinfo.gov/content/pkg/FR-2019-07-18/pdf/2019-15449.pdf,Presidential Document,Executive Order,07/18/2019,2019-07-15,34257,"Maximizing Use of American-Made Goods, Products, and Materials","See: EO 13788, April 18, 2017; EO 13858, January 31, 2019; Revokes: EO 10582, December 17, 1954; Superseded by: EO 14006, January 25, 2021",13881,""
84 FR 33821, 2019-15222,33825,https://www.federalregister.gov/documents/2019/07/16/2019-15222/collecting-information-about-citizenship-status-in-connection-with-the-decennial-census,https://www.govinfo.gov/content/pkg/FR-2019-07-16/pdf/2019-15222.pdf,Presidential Document,Executive Order,07/16/2019,2019-07-11,33821,Collecting Information About Citizenship Status in Connection With the Decennial Census,"Revoked by: EO 13986, January 20, 2021",13880,""
84 FR 33817, 2019-15159,33819,https://www.federalregister.gov/documents/2019/07/15/2019-15159/advancing-american-kidney-health,https://www.govinfo.gov/content/pkg/FR-2019-07-15/pdf/2019-15159.pdf,Presidential Document,Executive Order,07/15/2019,2019-07-10,33817,Advancing American Kidney Health,"",13879,""
84 FR 30853, 2019-14016,30856,https://www.federalregister.gov/documents/2019/06/28/2019-14016/establishing-a-white-house-council-on-eliminating-regulatory-barriers-to-affordable-housing,https://www.govinfo.gov/content/pkg/FR-2019-06-28/pdf/2019-14016.pdf,Presidential Document,Executive Order,06/28/2019,2019-06-25,30853,Establishing a White House Council on Eliminating Regulatory Barriers to Affordable Housing,"",13878,""
84 FR 30849, 2019-13945,30852,https://www.federalregister.gov/documents/2019/06/27/2019-13945/improving-price-and-quality-transparency-in-american-healthcare-to-put-patients-first,https://www.govinfo.gov/content/pkg/FR-2019-06-27/pdf/2019-13945.pdf,Presidential Document,Executive Order,06/27/2019,2019-06-24,30849,Improving Price and Quality Transparency in American Healthcare To Put Patients First,"See: EO 13813, October 12, 2017",13877,""
84 FR 30573, 2019-13793,30576,https://www.federalregister.gov/documents/2019/06/26/2019-13793/imposing-sanctions-with-respect-to-iran,https://www.govinfo.gov/content/pkg/FR-2019-06-26/pdf/2019-13793.pdf,Presidential Document,Executive Order,06/26/2019,2019-06-24,30573,Imposing Sanctions With Respect to Iran,"See: EO 12957, March 15, 1995",13876,""
84 FR 28711, 2019-13175,28713,https://www.federalregister.gov/documents/2019/06/19/2019-13175/evaluating-and-improving-the-utility-of-federal-advisory-committees,https://www.govinfo.gov/content/pkg/FR-2019-06-19/pdf/2019-13175.pdf,Presidential Document,Executive Order,06/19/2019,2019-06-14,28711,Evaluating and Improving the Utility of Federal Advisory Committees,"Revoked by: EO 13992, January 20, 2021",13875,""
84 FR 27899, 2019-12802,27902,https://www.federalregister.gov/documents/2019/06/14/2019-12802/modernizing-the-regulatory-framework-for-agricultural-biotechnology-products,https://www.govinfo.gov/content/pkg/FR-2019-06-14/pdf/2019-12802.pdf,Presidential Document,Executive Order,06/14/2019,2019-06-11,27899,Modernizing the Regulatory Framework for Agricultural Biotechnology Products,"",13874,""
84 FR 22689, 2019-10538,22692,https://www.federalregister.gov/documents/2019/05/17/2019-10538/securing-the-information-and-communications-technology-and-services-supply-chain,https://www.govinfo.gov/content/pkg/FR-2019-05-17/pdf/2019-10538.pdf,Presidential Document,Executive Order,05/17/2019,2019-05-15,22689,Securing the Information and Communications Technology and Services Supply Chain,"See: EO 13636, February 12, 2013
Amended by: EO 14117, February 28, 2024",13873,""
84 FR 22321, 2019-10398,22325,https://www.federalregister.gov/documents/2019/05/16/2019-10398/economic-empowerment-of-asian-americans-and-pacific-islanders,https://www.govinfo.gov/content/pkg/FR-2019-05-16/pdf/2019-10398.pdf,Presidential Document,Executive Order,05/16/2019,2019-05-13,22321,Economic Empowerment of Asian Americans and Pacific Islanders,"Supersedes: EO 13811, September 29, 2017; EO 13515 of October 14, 2009 
Superseded by: EO 14031, May 28, 2021",13872,""
84 FR 20761, 2019-09877,20764,https://www.federalregister.gov/documents/2019/05/10/2019-09877/imposing-sanctions-with-respect-to-the-iron-steel-aluminum-and-copper-sectors-of-iran,https://www.govinfo.gov/content/pkg/FR-2019-05-10/pdf/2019-09877.pdf,Presidential Document,Executive Order,05/10/2019,2019-05-08,20761,"Imposing Sanctions With Respect to the Iron, Steel, Aluminum, and Copper Sectors of Iran","See: EO 12957, March 15, 1995",13871,""
84 FR 20523, 2019-09750,20527,https://www.federalregister.gov/documents/2019/05/09/2019-09750/americas-cybersecurity-workforce,https://www.govinfo.gov/content/pkg/FR-2019-05-09/pdf/2019-09750.pdf,Presidential Document,Executive Order,05/09/2019,2019-05-02,20523,America's Cybersecurity Workforce,"See:  EO 13800, May 11, 2017;  EO 10694, January 10, 1957",13870,""
84 FR 18125, 2019-08797,18131,https://www.federalregister.gov/documents/2019/04/29/2019-08797/transferring-responsibility-for-background-investigations-to-the-department-of-defense,https://www.govinfo.gov/content/pkg/FR-2019-04-29/pdf/2019-08797.pdf,Presidential Document,Executive Order,04/29/2019,2019-04-24,18125,Transferring Responsibility for Background Investigations to the Department of Defense,"Amends: EO 13467, June 30, 2008; EO 12171, November 18, 1979 See: EO 13488, January 16, 2009",13869,""
84 FR 15491, 2019-07645,15493,https://www.federalregister.gov/documents/2019/04/15/2019-07645/issuance-of-permits-with-respect-to-facilities-and-land-transportation-crossings-at-the,https://www.govinfo.gov/content/pkg/FR-2019-04-15/pdf/2019-07645.pdf,Presidential Document,Executive Order,04/15/2019,2019-04-10,15491,Issuance of Permits With Respect to Facilities and Land Transportation Crossings at the International Boundaries of the United States,"See: EO 10485, September 3, 1953; EO 10530 of May 10, 1954 Revokes: EO 11423 of August 16, 1968; EO 13337, April 30, 2004",13867,""
84 FR 15495, 2019-07656,15499,https://www.federalregister.gov/documents/2019/04/15/2019-07656/promoting-energy-infrastructure-and-economic-growth,https://www.govinfo.gov/content/pkg/FR-2019-04-15/pdf/2019-07656.pdf,Presidential Document,Executive Order,04/15/2019,2019-04-10,15495,Promoting Energy Infrastructure and Economic Growth,"Revoked by: EO 13990, January 20, 2021",13868,""
84 FR 12853, 2019-06548,12865,https://www.federalregister.gov/documents/2019/04/02/2019-06548/adjustments-of-certain-rates-of-pay,https://www.govinfo.gov/content/pkg/FR-2019-04-02/pdf/2019-06548.pdf,Presidential Document,Executive Order,04/02/2019,2019-03-28,12853,Adjustments of Certain Rates of Pay,"Supersedes: EO 13856, December 28, 2018",13866,""
84 FR 12041, 2019-06325,12046,https://www.federalregister.gov/documents/2019/03/29/2019-06325/coordinating-national-resilience-to-electromagnetic-pulses,https://www.govinfo.gov/content/pkg/FR-2019-03-29/pdf/2019-06325.pdf,Presidential Document,Executive Order,03/29/2019,2019-03-26,12041,Coordinating National Resilience to Electromagnetic Pulses,"See: EO 13800, May 11, 2017",13865,""
84 FR 11401, 2019-05934,11404,https://www.federalregister.gov/documents/2019/03/26/2019-05934/improving-free-inquiry-transparency-and-accountability-at-colleges-and-universities,https://www.govinfo.gov/content/pkg/FR-2019-03-26/pdf/2019-05934.pdf,Presidential Document,Executive Order,03/26/2019,2019-03-21,11401,"Improving Free Inquiry, Transparency, and Accountability at Colleges and Universities","See: EO 13845, July 19, 2018",13864,""
84 FR 10255, 2019-05370,10256,https://www.federalregister.gov/documents/2019/03/19/2019-05370/taking-additional-steps-to-address-the-national-emergency-with-respect-to-significant-transnational,https://www.govinfo.gov/content/pkg/FR-2019-03-19/pdf/2019-05370.pdf,Presidential Document,Executive Order,03/19/2019,2019-03-15,10255,Taking Additional Steps to Address the National Emergency With Respect to Significant Transnational Criminal Organizations,"Amends: EO 13581, July 24, 2011",13863,""
84 FR 8789, 2019-04595,8790,https://www.federalregister.gov/documents/2019/03/11/2019-04595/revocation-of-reporting-requirement,https://www.govinfo.gov/content/pkg/FR-2019-03-11/pdf/2019-04595.pdf,Presidential Document,Executive Order,03/11/2019,2019-03-06,8789,Revocation of Reporting Requirement,"Amends: EO 13732, July 1, 2016",13862,""
84 FR 8585, 2019-04437,8588,https://www.federalregister.gov/documents/2019/03/08/2019-04437/national-roadmap-to-empower-veterans-and-end-suicide,https://www.govinfo.gov/content/pkg/FR-2019-03-08/pdf/2019-04437.pdf,Presidential Document,Executive Order,03/08/2019,2019-03-05,8585,National Roadmap to Empower Veterans and End Suicide,"",13861,""
84 FR 8407, 2019-04298,8408,https://www.federalregister.gov/documents/2019/03/07/2019-04298/supporting-the-transition-of-active-duty-service-members-and-military-veterans-into-the-merchant,https://www.govinfo.gov/content/pkg/FR-2019-03-07/pdf/2019-04298.pdf,Presidential Document,Executive Order,03/07/2019,2019-03-04,8407,Supporting the Transition of Active Duty Service Members and Military Veterans Into the Merchant Marine,"",13860,""
84 FR 3967, 2019-02544,3972,https://www.federalregister.gov/documents/2019/02/14/2019-02544/maintaining-american-leadership-in-artificial-intelligence,https://www.govinfo.gov/content/pkg/FR-2019-02-14/pdf/2019-02544.pdf,Presidential Document,Executive Order,02/14/2019,2019-02-11,3967,Maintaining American Leadership in Artificial Intelligence,"See: EO 13719, February 9, 2016",13859,""
84 FR 2039, 2019-01426,2041,https://www.federalregister.gov/documents/2019/02/05/2019-01426/strengthening-buy-american-preferences-for-infrastructure-projects,https://www.govinfo.gov/content/pkg/FR-2019-02-05/pdf/2019-01426.pdf,Presidential Document,Executive Order,02/05/2019,2019-01-31,2039,Strengthening Buy-American Preferences for Infrastructure Projects,"Amends: EO 13788, April 18, 2017; Partially revoked by: EO 14006, January 25, 2021",13858,""
84 FR 509, 2019-00615,510,https://www.federalregister.gov/documents/2019/01/30/2019-00615/taking-additional-steps-to-address-the-national-emergency-with-respect-to-venezuela,https://www.govinfo.gov/content/pkg/FR-2019-01-30/pdf/2019-00615.pdf,Presidential Document,Executive Order,01/30/2019,2019-01-25,509,Taking Additional Steps To Address the National Emergency With Respect to Venezuela,"See: EO 13692, March 8, 2015; EO 13808, August 24, 2017; EO 13827, March 19, 2018; EO 13835, May 21, 2018; EO 13850, November 1, 2018",13857,""
84 FR 65, 2019-00048,77,https://www.federalregister.gov/documents/2019/01/08/2019-00048/adjustments-of-certain-rates-of-pay,https://www.govinfo.gov/content/pkg/FR-2019-01-08/pdf/2019-00048.pdf,Presidential Document,Executive Order,01/08/2019,2018-12-28,65,Adjustments of Certain Rates of Pay,"Supersedes: EO 13819, December 22, 2017",13856,""
84 FR 45, 2019-00014,48,https://www.federalregister.gov/documents/2019/01/07/2019-00014/promoting-active-management-of-americas-forests-rangelands-and-other-federal-lands-to-improve,https://www.govinfo.gov/content/pkg/FR-2019-01-07/pdf/2019-00014.pdf,Presidential Document,Executive Order,01/07/2019,2018-12-21,45,"Promoting Active Management of America's Forests, Rangelands, and Other Federal Lands To Improve Conditions and Reduce Wildfire Risk","",13855,""
83 FR 65481, 2018-27945,65482,https://www.federalregister.gov/documents/2018/12/21/2018-27945/providing-for-the-closing-of-executive-departments-and-agencies-of-the-federal-government-on,https://www.govinfo.gov/content/pkg/FR-2018-12-21/pdf/2018-27945.pdf,Presidential Document,Executive Order,12/21/2018,2018-12-18,65481,"Providing for the Closing of Executive Departments and Agencies of the Federal Government on December 24, 2018","See: EO 11582, February 11, 1971",13854,""
83 FR 65071, 2018-27515,65074,https://www.federalregister.gov/documents/2018/12/18/2018-27515/establishing-the-white-house-opportunity-and-revitalization-council,https://www.govinfo.gov/content/pkg/FR-2018-12-18/pdf/2018-27515.pdf,Presidential Document,Executive Order,12/18/2018,2018-12-12,65071,Establishing the White House Opportunity and Revitalization Council,"Amends: EO 13845, July 19, 2018
Revoked by: EO 14091, February 16, 2023",13853,""
83 FR 62687, 2018-26552,62688,https://www.federalregister.gov/documents/2018/12/04/2018-26552/providing-for-the-closing-of-executive-departments-and-agencies-of-the-federal-government-on,https://www.govinfo.gov/content/pkg/FR-2018-12-04/pdf/2018-26552.pdf,Presidential Document,Executive Order,12/04/2018,2018-12-01,62687,"Providing for the Closing of Executive Departments and Agencies of the Federal Government on December 5, 2018","See: EO 11582, February 11, 1971",13852,""
83 FR 61505, 2018-26156,61507,https://www.federalregister.gov/documents/2018/11/29/2018-26156/blocking-property-of-certain-persons-contributing-to-the-situation-in-nicaragua,https://www.govinfo.gov/content/pkg/FR-2018-11-29/pdf/2018-26156.pdf,Presidential Document,Executive Order,11/29/2018,2018-11-27,61505,Blocking Property of Certain Persons Contributing to the Situation in Nicaragua,"See: Proclamation 8693, July 24, 2011
Amended by: EO 14088 of October 24, 2022",13851,""
83 FR 55243, 2018-24254,55245,https://www.federalregister.gov/documents/2018/11/02/2018-24254/blocking-property-of-additional-persons-contributing-to-the-situation-in-venezuela,https://www.govinfo.gov/content/pkg/FR-2018-11-02/pdf/2018-24254.pdf,Presidential Document,Executive Order,11/02/2018,2018-11-01,55243,Blocking Property of Additional Persons Contributing to the Situation in Venezuela,"See: EO 13692 of March 8, 2015; EO 13808, August 34, 2017; EO 13827, March 19, 2018; EO 13835, May 21, 2018 and Proc. 8693, July 24, 2011",13850,""
83 FR 48195, 2018-20816,48200,https://www.federalregister.gov/documents/2018/09/21/2018-20816/authorizing-the-implementation-of-certain-sanctions-set-forth-in-the-countering-americas-adversaries,https://www.govinfo.gov/content/pkg/FR-2018-09-21/pdf/2018-20816.pdf,Presidential Document,Executive Order,09/21/2018,2018-09-20,48195,Authorizing the Implementation of Certain Sanctions Set Forth in the Countering America's Adversaries Through Sanctions Act,"See: EO 13660, March 6, 2014; EO 13694, April 1, 2015; EO 13757, December 28, 2016",13849,""
83 FR 46843, 2018-20203,46848,https://www.federalregister.gov/documents/2018/09/14/2018-20203/imposing-certain-sanctions-in-the-event-of-foreign-interference-in-a-united-states-election,https://www.govinfo.gov/content/pkg/FR-2018-09-14/pdf/2018-20203.pdf,Presidential Document,Executive Order,09/14/2018,2018-09-12,46843,Imposing Certain Sanctions in the Event of Foreign Interference in a United States Election,"See: EO 13694, April 1, 2015; EO 13757, December 28, 2016, Proc. 8693, July 24, 2011",13848,""
83 FR 45321, 2018-19514,45323,https://www.federalregister.gov/documents/2018/09/06/2018-19514/strengthening-retirement-security-in-america,https://www.govinfo.gov/content/pkg/FR-2018-09-06/pdf/2018-19514.pdf,Presidential Document,Executive Order,09/06/2018,2018-08-31,45321,Strengthening Retirement Security in America,"",13847,""
83 FR 38939, 2018-17068,38949,https://www.federalregister.gov/documents/2018/08/07/2018-17068/reimposing-certain-sanctions-with-respect-to-iran,https://www.govinfo.gov/content/pkg/FR-2018-08-07/pdf/2018-17068.pdf,Presidential Document,Executive Order,08/07/2018,2018-08-06,38939,Reimposing Certain Sanctions With Respect to Iran,"See: EO 13257, March 15, 1995; EO 12959, May 6, 1995; EO 13059, August 19, 1997; EO 13599, February 5, 2012; Supersedes: EO 13628, October 9, 2012; EO 13716, January 16, 2016",13846,""
83 FR 35099, 2018-15955,35103,https://www.federalregister.gov/documents/2018/07/24/2018-15955/establishing-the-presidents-national-council-for-the-american-worker,https://www.govinfo.gov/content/pkg/FR-2018-07-24/pdf/2018-15955.pdf,Presidential Document,Executive Order,07/24/2018,2018-07-19,35099,Establishing the President's National Council for the American Worker,"See: EO 13801, June 15, 2017; Revoked by: EO 14025 of April 26, 2021",13845,""
83 FR 33115, 2018-15299,33117,https://www.federalregister.gov/documents/2018/07/16/2018-15299/establishment-of-the-task-force-on-market-integrity-and-consumer-fraud,https://www.govinfo.gov/content/pkg/FR-2018-07-16/pdf/2018-15299.pdf,Presidential Document,Executive Order,07/16/2018,2018-07-11,33115,Establishment of the Task Force on Market Integrity and Consumer Fraud,"Revokes: EO 13519, November 17, 2009",13844,""
83 FR 32753, 2018-15195,32754,https://www.federalregister.gov/documents/2018/07/13/2018-15195/establishing-an-exception-to-competitive-examining-rules-for-appointment-to-certain-positions-in-the,https://www.govinfo.gov/content/pkg/FR-2018-07-13/pdf/2018-15195.pdf,Presidential Document,Executive Order,07/13/2018,2018-07-10,32753,"Establishing an Exception to Competitive Examining Rules for Appointment to Certain Positions in the United States Marshals Service, Department of Justice","",13842,""
83 FR 32755, 2018-15202,32758,https://www.federalregister.gov/documents/2018/07/13/2018-15202/excepting-administrative-law-judges-from-the-competitive-service,https://www.govinfo.gov/content/pkg/FR-2018-07-13/pdf/2018-15202.pdf,Presidential Document,Executive Order,07/13/2018,2018-07-10,32755,Excepting Administrative Law Judges From the Competitive Service,"",13843,""
83 FR 29435, 2018-13696,29436,https://www.federalregister.gov/documents/2018/06/25/2018-13696/affording-congress-an-opportunity-to-address-family-separation,https://www.govinfo.gov/content/pkg/FR-2018-06-25/pdf/2018-13696.pdf,Presidential Document,Executive Order,06/25/2018,2018-06-20,29435,Affording Congress an Opportunity To Address Family Separation,"Revoked by: EO 14011, February 2, 2021",13841,""
83 FR 29431, 2018-13640,29434,https://www.federalregister.gov/documents/2018/06/22/2018-13640/ocean-policy-to-advance-the-economic-security-and-environmental-interests-of-the-united-states,https://www.govinfo.gov/content/pkg/FR-2018-06-22/pdf/2018-13640.pdf,Presidential Document,Executive Order,06/22/2018,2018-06-19,29431,"Ocean Policy To Advance the Economic, Security, and Environmental Interests of the United States","",13840,""
83 FR 25329, 2018-11913,25334,https://www.federalregister.gov/documents/2018/06/01/2018-11913/developing-efficient-effective-and-cost--reducing-approaches-to-federal-sector-collective-bargaining,https://www.govinfo.gov/content/pkg/FR-2018-06-01/pdf/2018-11913.pdf,Presidential Document,Executive Order,06/01/2018,2018-05-25,25329,"Developing Efficient, Effective, and Cost- Reducing Approaches To Federal Sector Collective Bargaining","See: EO 12871, October 1, 1993; EO 13522, December 9, 2009; Revoked by: EO 14003 of January 22, 2021",13836,""
83 FR 25335, 2018-11916,25340,https://www.federalregister.gov/documents/2018/06/01/2018-11916/ensuring-transparency-accountability-and-efficiency-in-taxpayer-funded-union-time-use,https://www.govinfo.gov/content/pkg/FR-2018-06-01/pdf/2018-11916.pdf,Presidential Document,Executive Order,06/01/2018,2018-05-25,25335,"Ensuring Transparency, Accountability, and Efficiency in Taxpayer-Funded Union Time Use","See: EO 13836, May 25, 2018; Revoked by: EO 14003 of January 22, 2021",13837,""
83 FR 25341, 2018-11936,25342,https://www.federalregister.gov/documents/2018/06/01/2018-11936/exemption-from-executive-order-13658-for-recreational-services-on-federal-lands,https://www.govinfo.gov/content/pkg/FR-2018-06-01/pdf/2018-11936.pdf,Presidential Document,Executive Order,06/01/2018,2018-05-25,25341,Exemption From Executive Order 13658 for Recreational Services on Federal Lands,"Amends: EO 13658, February 12, 2014; Revoked by: EO 14026, April 27, 2021",13838,""
83 FR 25343, 2018-11939,25347,https://www.federalregister.gov/documents/2018/06/01/2018-11939/promoting-accountability-and-streamlining-removal-procedures-consistent-with-merit-system-principles,https://www.govinfo.gov/content/pkg/FR-2018-06-01/pdf/2018-11939.pdf,Presidential Document,Executive Order,06/01/2018,2018-05-25,25343,Promoting Accountability and Streamlining Removal Procedures Consistent With Merit System Principles,"Revoked by: EO 14003 of January 22, 2021",13839,""
83 FR 24001, 2018-11335,24002,https://www.federalregister.gov/documents/2018/05/24/2018-11335/prohibiting-certain-additional-transactions-with-respect-to-venezuela,https://www.govinfo.gov/content/pkg/FR-2018-05-24/pdf/2018-11335.pdf,Presidential Document,Executive Order,05/24/2018,2018-05-21,24001,Prohibiting Certain Additional Transactions With Respect to Venezuela,"See: EO 13692, March 8, 2015; EO 13808, August 24, 2017; EO 13827, March 19, 2018",13835,""
83 FR 23771, 2018-11101,23774,https://www.federalregister.gov/documents/2018/05/22/2018-11101/efficient-federal-operations,https://www.govinfo.gov/content/pkg/FR-2018-05-22/pdf/2018-11101.pdf,Presidential Document,Executive Order,05/22/2018,2018-05-17,23771,Efficient Federal Operations,"Revokes:  EO 13693, March 19, 2015 
Revoked in part by: EO 13990, January 20, 2021 
Revoked by: EO 14057, December 8, 2021",13834,""
83 FR 23345, 2018-10855,23348,https://www.federalregister.gov/documents/2018/05/18/2018-10855/enhancing-the-effectiveness-of-agency-chief-information-officers,https://www.govinfo.gov/content/pkg/FR-2018-05-18/pdf/2018-10855.pdf,Presidential Document,Executive Order,05/18/2018,2018-05-15,23345,Enhancing the Effectiveness of Agency Chief Information Officers,"See: EO 13781, March 13, 2017; EO 13800, May 11, 2017",13833,""
83 FR 22343, 2018-10403,22345,https://www.federalregister.gov/documents/2018/05/14/2018-10403/enhancing-noncompetitive-civil-service-appointments-of-military-spouses,https://www.govinfo.gov/content/pkg/FR-2018-05-14/pdf/2018-10403.pdf,Presidential Document,Executive Order,05/14/2018,2018-05-09,22343,Enhancing Noncompetitive Civil Service Appointments of Military Spouses,"See: EO 14100, June 9, 2023",13832,""
83 FR 20715, 2018-09895,20717,https://www.federalregister.gov/documents/2018/05/08/2018-09895/establishment-of-a-white-house-faith-and-opportunity-initiative,https://www.govinfo.gov/content/pkg/FR-2018-05-08/pdf/2018-09895.pdf,Presidential Document,Executive Order,05/08/2018,2018-05-03,20715,Establishment of a White House Faith and Opportunity Initiative,"See: EO 13798, May 4, 2017 
Amends: EO 13198, January 29, 2001, EO 13280, December 12, 2002; EO 13342, June 1, 2004; EO 13397, March 7, 2006; EO 13359, November 17, 2010 
Revokes: EO 13199, January 29, 2001; EO 13498, February 5, 2009 
Revoked by: EO 14015, February 14, 2021",13831,""
83 FR 18191, 2018-08883,18194,https://www.federalregister.gov/documents/2018/04/25/2018-08883/delegation-of-authority-to-approve-certain-military-decorations,https://www.govinfo.gov/content/pkg/FR-2018-04-25/pdf/2018-08883.pdf,Presidential Document,Executive Order,04/25/2018,2018-04-20,18191,Delegation of Authority To Approve Certain Military Decorations,"Supersedes: 4601, March 1, 1927; EO 9260, October 29, 1942 
See: Proclamation 2714, December 31, 1946
Amended by: EO 14085, October 3, 2022",13830,""
83 FR 17281, 2018-08272,17283,https://www.federalregister.gov/documents/2018/04/18/2018-08272/task-force-on-the-united-states-postal-system,https://www.govinfo.gov/content/pkg/FR-2018-04-18/pdf/2018-08272.pdf,Presidential Document,Executive Order,04/18/2018,2018-04-12,17281,Task Force on the United States Postal System,"See: EO 13781, March 13, 2017",13829,""
83 FR 15941, 2018-07874,15944,https://www.federalregister.gov/documents/2018/04/13/2018-07874/reducing-poverty-in-america-by-promoting-opportunity-and-economic-mobility,https://www.govinfo.gov/content/pkg/FR-2018-04-13/pdf/2018-07874.pdf,Presidential Document,Executive Order,04/13/2018,2018-04-10,15941,Reducing Poverty in America by Promoting Opportunity and Economic Mobility,"Revoked by: EO 14018, February 24, 2021",13828,""
83 FR 12469, 2018-05916,12470,https://www.federalregister.gov/documents/2018/03/21/2018-05916/taking-additional-steps-to-address-the-situation-in-venezuela,https://www.govinfo.gov/content/pkg/FR-2018-03-21/pdf/2018-05916.pdf,Presidential Document,Executive Order,03/21/2018,2018-03-19,12469,Taking Additional Steps to Address the Situation in Venezuela,"See: EO 13692, March 8, 2015; EO 13808, August 24, 2017",13827,""
83 FR 10771, 2018-05113,10774,https://www.federalregister.gov/documents/2018/03/12/2018-05113/federal-interagency-council-on-crime-prevention-and-improving-reentry,https://www.govinfo.gov/content/pkg/FR-2018-03-12/pdf/2018-05113.pdf,Presidential Document,Executive Order,03/12/2018,2018-03-07,10771,Federal Interagency Council on Crime Prevention and Improving Reentry,"",13826,""
83 FR 9889, 2018-04860,10353,https://www.federalregister.gov/documents/2018/03/08/2018-04860/2018-amendments-to-the-manual-for-courts-martial-united-states,https://www.govinfo.gov/content/pkg/FR-2018-03-08/pdf/2018-04860.pdf,Presidential Document,Executive Order,03/08/2018,2018-03-01,9889,"2018 Amendments to the Manual for Courts-Martial, United States","See: EO 12473, April 13, 1984",13825,""
83 FR 8923, 2018-04414,8925,https://www.federalregister.gov/documents/2018/03/02/2018-04414/presidents-council-on-sports-fitness-and-nutrition,https://www.govinfo.gov/content/pkg/FR-2018-03-02/pdf/2018-04414.pdf,Presidential Document,Executive Order,03/02/2018,2018-02-26,8923,"President's Council on Sports, Fitness, and Nutrition","Revokes: EO 13545, June 22, 2010; Amends: EO 13265, June 6, 2002",13824,""
83 FR 4831, 2018-02261,4832,https://www.federalregister.gov/documents/2018/02/02/2018-02261/protecting-america-through-lawful-detention-of-terrorists,https://www.govinfo.gov/content/pkg/FR-2018-02-02/pdf/2018-02261.pdf,Presidential Document,Executive Order,02/02/2018,2018-01-30,4831,Protecting America Through Lawful Detention of Terrorists,"Revokes: EO 13492, January 22, 2009; See: EO 13567, March 7, 2011",13823,""
83 FR 1513, 2018-00630,1514,https://www.federalregister.gov/documents/2018/01/12/2018-00630/supporting-our-veterans-during-their-transition-from-uniformed-service-to-civilian-life,https://www.govinfo.gov/content/pkg/FR-2018-01-12/pdf/2018-00630.pdf,Presidential Document,Executive Order,01/12/2018,2018-01-09,1513,Supporting Our Veterans During Their Transition From Uniformed Service to Civilian Life,"",13822,""
83 FR 1507, 2018-00553,1509,https://www.federalregister.gov/documents/2018/01/11/2018-00553/streamlining-and-expediting-requests-to-locate-broadband-facilities-in-rural-america,https://www.govinfo.gov/content/pkg/FR-2018-01-11/pdf/2018-00553.pdf,Presidential Document,Executive Order,01/11/2018,2018-01-08,1507,Streamlining and Expediting Requests To Locate Broadband Facilities in Rural America,"See: EO 13327, February 4, 2004",13821,""
83 FR 969, 2018-00240,969,https://www.federalregister.gov/documents/2018/01/08/2018-00240/termination-of-presidential-advisory-commission-on-election-integrity,https://www.govinfo.gov/content/pkg/FR-2018-01-08/pdf/2018-00240.pdf,Presidential Document,Executive Order,01/08/2018,2018-01-03,969,Termination of Presidential Advisory Commission on Election Integrity,"Revokes: EO 13799, May 11, 2017",13820,""
82 FR 61431, 2017-28160,61442,https://www.federalregister.gov/documents/2017/12/27/2017-28160/adjustments-of-certain-rates-of-pay,https://www.govinfo.gov/content/pkg/FR-2017-12-27/pdf/2017-28160.pdf,Presidential Document,Executive Order,12/27/2017,2017-12-22,61431,Adjustments of Certain Rates of Pay,"Supersedes: EO 13756, December 27, 2016",13819,""
82 FR 60839, 2017-27925,60843,https://www.federalregister.gov/documents/2017/12/26/2017-27925/blocking-the-property-of-persons-involved-in-serious-human-rights-abuse-or-corruption,https://www.govinfo.gov/content/pkg/FR-2017-12-26/pdf/2017-27925.pdf,Presidential Document,Executive Order,12/26/2017,2017-12-20,60839,Blocking the Property of Persons Involved in Serious Human Rights Abuse or Corruption,"",13818,""
82 FR 60835, 2017-27899,60837,https://www.federalregister.gov/documents/2017/12/26/2017-27899/a-federal-strategy-to-ensure-secure-and-reliable-supplies-of-critical-minerals,https://www.govinfo.gov/content/pkg/FR-2017-12-26/pdf/2017-27899.pdf,Presidential Document,Executive Order,12/26/2017,2017-12-20,60835,A Federal Strategy To Ensure Secure and Reliable Supplies of Critical Minerals,"See: EO 13771, January 30, 2017; EO 13783, March 28, 2017; EO 13807, August 15, 2017; EO 12866, September 30, 1993",13817,""
82 FR 58701, 2017-27034,58703,https://www.federalregister.gov/documents/2017/12/13/2017-27034/revising-the-seal-for-the-national-credit-union-administration,https://www.govinfo.gov/content/pkg/FR-2017-12-13/pdf/2017-27034.pdf,Presidential Document,Executive Order,12/13/2017,2017-12-08,58701,Revising the Seal for the National Credit Union Administration,"Revokes: EO 11580, January 20, 1971",13816,""
82 FR 50055, 2017-23630,50058,https://www.federalregister.gov/documents/2017/10/27/2017-23630/resuming-the-united-states-refugee-admissions-program-with-enhanced-vetting-capabilities,https://www.govinfo.gov/content/pkg/FR-2017-10-27/pdf/2017-23630.pdf,Presidential Document,Executive Order,10/27/2017,2017-10-24,50055,Resuming the United States Refugee Admissions Program With Enhanced Vetting Capabilities,"See: EO 13815, October 24, 2017; Revoked by: EO 14013, February 4, 2021",13815,""
82 FR 49273, 2017-23270,49274,https://www.federalregister.gov/documents/2017/10/24/2017-23270/amending-executive-order-13223,https://www.govinfo.gov/content/pkg/FR-2017-10-24/pdf/2017-23270.pdf,Presidential Document,Executive Order,10/24/2017,2017-10-20,49273,Amending Executive Order 13223,"Amends:  EO 13223, September 14, 2001",13814,""
82 FR 48385, 2017-22677,48387,https://www.federalregister.gov/documents/2017/10/17/2017-22677/promoting-healthcare-choice-and-competition-across-the-united-states,https://www.govinfo.gov/content/pkg/FR-2017-10-17/pdf/2017-22677.pdf,Presidential Document,Executive Order,10/17/2017,2017-10-12,48385,Promoting Healthcare Choice and Competition Across the United States,"Revoked by: EO 14009, January 28, 2021",13813,""
82 FR 46367, 2017-21559,46368,https://www.federalregister.gov/documents/2017/10/04/2017-21559/revocation-of-executive-order-creating-labor--management-forums,https://www.govinfo.gov/content/pkg/FR-2017-10-04/pdf/2017-21559.pdf,Presidential Document,Executive Order,10/04/2017,2017-09-29,46367,Revocation of Executive Order Creating Labor- Management Forums,"Revokes: EO 13522, December 9, 2009; EO 13708, September 30, 2015
Revoked by: EO 14119, March 6, 2024 ",13812,""
82 FR 46363, 2017-21555,46365,https://www.federalregister.gov/documents/2017/10/04/2017-21555/continuance-of-certain-federal-advisory-committees,https://www.govinfo.gov/content/pkg/FR-2017-10-04/pdf/2017-21555.pdf,Presidential Document,Executive Order,10/04/2017,2017-09-29,46363,Continuance of Certain Federal Advisory Committees,"Supersedes: EO 13708, September 30, 2015 Revokes: EO 13805, July 19, 2017",13811,""
82 FR 44705, 2017-20647,44709,https://www.federalregister.gov/documents/2017/09/25/2017-20647/imposing-additional-sanctions-with-respect-to-north-korea,https://www.govinfo.gov/content/pkg/FR-2017-09-25/pdf/2017-20647.pdf,Presidential Document,Executive Order,09/25/2017,2017-09-20,44705,Imposing Additional Sanctions With Respect to North Korea,"See: EO 13466, June 26, 2008; EO 13551,  August 30, 2010; EO 13687, January 2, 2015; EO 13722, March 15, 2016; EO 13382, June 28, 2005",13810,""
82 FR 41499, 2017-18679,41500,https://www.federalregister.gov/documents/2017/08/31/2017-18679/restoring-state-tribal-and-local-law-enforcements-access-to-life-saving-equipment-and-resources,https://www.govinfo.gov/content/pkg/FR-2017-08-31/pdf/2017-18679.pdf,Presidential Document,Executive Order,08/31/2017,2017-08-28,41499,"Restoring State, Tribal, and Local Law Enforcement's Access to Life-Saving Equipment and Resources","Revokes:  EO 13688, January 16, 2015 
Revoked by: EO 14074, May 25, 2022",13809,""
82 FR 41155, 2017-18468,41156,https://www.federalregister.gov/documents/2017/08/29/2017-18468/imposing-additional-sanctions-with-respect-to-the-situation-in-venezuela,https://www.govinfo.gov/content/pkg/FR-2017-08-29/pdf/2017-18468.pdf,Presidential Document,Executive Order,08/29/2017,2017-08-24,41155,Imposing Additional Sanctions With Respect to the Situation in Venezuela,"See: EO 13692, March 8, 2015",13808,""
82 FR 40463, 2017-18134,40469,https://www.federalregister.gov/documents/2017/08/24/2017-18134/establishing-discipline-and-accountability-in-the-environmental-review-and-permitting-process-for,https://www.govinfo.gov/content/pkg/FR-2017-08-24/pdf/2017-18134.pdf,Presidential Document,Executive Order,08/24/2017,2017-08-15,40463,Establishing Discipline and Accountability in the Environmental Review and Permitting Process for Infrastructure Projects,"Revokes: EO 13690, January 30, 2015
See: EO 13766, January 24, 2017; EO 13781, March 13, 2017; EO 13817, December 20, 2017; EO 14030, May 20, 2021 
Revoked by: EO 13990, January 20, 2021",13807,""
82 FR 34597, 2017-15860,34599,https://www.federalregister.gov/documents/2017/07/26/2017-15860/assessing-and-strengthening-the-manufacturing-and-defense-industrial-base-and-supply-chain,https://www.govinfo.gov/content/pkg/FR-2017-07-26/pdf/2017-15860.pdf,Presidential Document,Executive Order,07/26/2017,2017-07-21,34597,Assessing and Strengthening the Manufacturing and Defense Industrial Base and Supply Chain Resiliency of the United States,"",13806,""
82 FR 34383, 2017-15680,34385,https://www.federalregister.gov/documents/2017/07/25/2017-15680/establishing-a-presidential-advisory-council-on-infrastructure,https://www.govinfo.gov/content/pkg/FR-2017-07-25/pdf/2017-15680.pdf,Presidential Document,Executive Order,07/25/2017,2017-07-19,34383,Establishing a Presidential Advisory Council on Infrastructure,"Revoked by: EO 13811, September 29, 2017",13805,""
82 FR 32611, 2017-14992,32612,https://www.federalregister.gov/documents/2017/07/14/2017-14992/allowing-additional-time-for-recognizing-positive-actions-by-the-government-of-sudan-and-amending,https://www.govinfo.gov/content/pkg/FR-2017-07-14/pdf/2017-14992.pdf,Presidential Document,Executive Order,07/14/2017,2017-07-11,32611,Allowing Additional Time for Recognizing Positive Actions by the Government of Sudan and Amending Executive Order 13761,"Amends: EO 13761, January 13, 2017
See: EO 13067, November 3, 1997; EO 13412, October 13, 2006; EO 13761, January 13, 2017; EO 14098, May 4, 2023",13804,""
82 FR 31429, 2017-14378,31432,https://www.federalregister.gov/documents/2017/07/07/2017-14378/reviving-the-national-space-council,https://www.govinfo.gov/content/pkg/FR-2017-07-07/pdf/2017-14378.pdf,Presidential Document,Executive Order,07/07/2017,2017-06-30,31429,Reviving the National Space Council,"Supersedes: EO 12675, April 20, 1989 
Revoked by: EO 14056, December 1, 2021",13803,""
82 FR 28747, 2017-13458,28748,https://www.federalregister.gov/documents/2017/06/26/2017-13458/amending-executive-order-13597,https://www.govinfo.gov/content/pkg/FR-2017-06-26/pdf/2017-13458.pdf,Presidential Document,Executive Order,06/26/2017,2017-06-21,28747,Amending Executive Order 13597,"Amends:  EO 13597, January 19, 2012",13802,""
82 FR 28229, 2017-13012,28232,https://www.federalregister.gov/documents/2017/06/20/2017-13012/expanding-apprenticeships-in-america,https://www.govinfo.gov/content/pkg/FR-2017-06-20/pdf/2017-13012.pdf,Presidential Document,Executive Order,06/20/2017,2017-06-15,28229,Expanding Apprenticeships in America,"Revoked by: EO 14016, February 17, 2021",13801,""
82 FR 22389, 2017-10003,22390,https://www.federalregister.gov/documents/2017/05/16/2017-10003/establishment-of-presidential-advisory-commission-on-election-integrity,https://www.govinfo.gov/content/pkg/FR-2017-05-16/pdf/2017-10003.pdf,Presidential Document,Executive Order,05/16/2017,2017-05-11,22389,Establishment of Presidential Advisory Commission on Election Integrity,"",13799,""
82 FR 22391, 2017-10004,22397,https://www.federalregister.gov/documents/2017/05/16/2017-10004/strengthening-the-cybersecurity-of-federal-networks-and-critical-infrastructure,https://www.govinfo.gov/content/pkg/FR-2017-05-16/pdf/2017-10004.pdf,Presidential Document,Executive Order,05/16/2017,2017-05-11,22391,Strengthening the Cybersecurity of Federal Networks and Critical Infrastructure,"See: EO 13636, February 12, 2013",13800,""
82 FR 21675, 2017-09574,21676,https://www.federalregister.gov/documents/2017/05/09/2017-09574/promoting-free-speech-and-religious-liberty,https://www.govinfo.gov/content/pkg/FR-2017-05-09/pdf/2017-09574.pdf,Presidential Document,Executive Order,05/09/2017,2017-05-04,21675,Promoting Free Speech and Religious Liberty,"",13798,""
82 FR 20819, 2017-09156,20820,https://www.federalregister.gov/documents/2017/05/04/2017-09156/addressing-trade-agreement-violations-and-abuses,https://www.govinfo.gov/content/pkg/FR-2017-05-04/pdf/2017-09156.pdf,Presidential Document,Executive Order,05/04/2017,2017-04-29,20819,Addressing Trade Agreement Violations and Abuses,"",13796,""
82 FR 20821, 2017-09161,20822,https://www.federalregister.gov/documents/2017/05/04/2017-09161/establishment-of-office-of-trade-and-manufacturing-policy,https://www.govinfo.gov/content/pkg/FR-2017-05-04/pdf/2017-09161.pdf,Presidential Document,Executive Order,05/04/2017,2017-04-29,20821,Establishment of Office of Trade and Manufacturing Policy,"See: EO 13788, April 18, 2017",13797,""
82 FR 20811, 2017-09083,20813,https://www.federalregister.gov/documents/2017/05/03/2017-09083/establishment-of-the-american-technology-council,https://www.govinfo.gov/content/pkg/FR-2017-05-03/pdf/2017-09083.pdf,Presidential Document,Executive Order,05/03/2017,2017-04-28,20811,Establishment of the American Technology Council,"",13794,""
82 FR 20815, 2017-09087,20818,https://www.federalregister.gov/documents/2017/05/03/2017-09087/implementing-an-america-first-offshore-energy-strategy,https://www.govinfo.gov/content/pkg/FR-2017-05-03/pdf/2017-09087.pdf,Presidential Document,Executive Order,05/03/2017,2017-04-28,20815,Implementing an America-First Offshore Energy Strategy,"Revokes: EO 13754, December 9, 2016; Revoked by: EO 13990, January 20, 2021",13795,""
82 FR 20539, 2017-08990,20540,https://www.federalregister.gov/documents/2017/05/02/2017-08990/improving-accountability-and-whistleblower-protection-at-the-department-of-veterans-affairs,https://www.govinfo.gov/content/pkg/FR-2017-05-02/pdf/2017-08990.pdf,Presidential Document,Executive Order,05/02/2017,2017-04-27,20539,Improving Accountability and Whistleblower Protection at the Department of Veterans Affairs,"",13793,""
82 FR 20427, 2017-08905,20428,https://www.federalregister.gov/documents/2017/05/01/2017-08905/enforcing-statutory-prohibitions-on-federal-control-of-education,https://www.govinfo.gov/content/pkg/FR-2017-05-01/pdf/2017-08905.pdf,Presidential Document,Executive Order,05/01/2017,2017-04-26,20427,Enforcing Statutory Prohibitions on Federal Control of Education,"",13791,""
82 FR 20429, 2017-08908,20431,https://www.federalregister.gov/documents/2017/05/01/2017-08908/review-of-designations-under-the-antiquities-act,https://www.govinfo.gov/content/pkg/FR-2017-05-01/pdf/2017-08908.pdf,Presidential Document,Executive Order,05/01/2017,2017-04-26,20429,Review of Designations Under the Antiquities Act,"Revoked by: EO 13990, January 20, 2021",13792,""
82 FR 20237, 2017-08818,20239,https://www.federalregister.gov/documents/2017/04/28/2017-08818/promoting-agriculture-and-rural-prosperity-in-america,https://www.govinfo.gov/content/pkg/FR-2017-04-28/pdf/2017-08818.pdf,Presidential Document,Executive Order,04/28/2017,2017-04-25,20237,Promoting Agriculture and Rural Prosperity in America,"See: EO 13771, January 30, 2017; EO 13778, February 28, 2017; EO 13783, March 28, 2017
Revokes: EO 13575, June 9, 2011",13790,""
82 FR 19317, 2017-08586,19318,https://www.federalregister.gov/documents/2017/04/26/2017-08586/identifying-and-reducing-tax-regulatory-burdens,https://www.govinfo.gov/content/pkg/FR-2017-04-26/pdf/2017-08586.pdf,Presidential Document,Executive Order,04/26/2017,2017-04-21,19317,Identifying and Reducing Tax Regulatory Burdens,"See: EO 12866, September 30, 1993",13789,""
82 FR 18837, 2017-08311,18839,https://www.federalregister.gov/documents/2017/04/21/2017-08311/buy-american-and-hire-american,https://www.govinfo.gov/content/pkg/FR-2017-04-21/pdf/2017-08311.pdf,Presidential Document,Executive Order,04/21/2017,2017-04-18,18837,Buy American and Hire American,"See: EO 13797, April 29, 2017; Revoked by: EO 14005, January 25, 2021",13788,""
82 FR 16719, 2017-06967,16720,https://www.federalregister.gov/documents/2017/04/05/2017-06967/establishing-enhanced-collection-and-enforcement-of-antidumping-and-countervailing-duties-and,https://www.govinfo.gov/content/pkg/FR-2017-04-05/pdf/2017-06967.pdf,Presidential Document,Executive Order,04/05/2017,2017-03-31,16719,Establishing Enhanced Collection and Enforcement of Antidumping and Countervailing Duties and Violations of Trade and Customs Laws,"",13785,""
82 FR 16721, 2017-06968,16722,https://www.federalregister.gov/documents/2017/04/05/2017-06968/omnibus-report-on-significant-trade-deficits,https://www.govinfo.gov/content/pkg/FR-2017-04-05/pdf/2017-06968.pdf,Presidential Document,Executive Order,04/05/2017,2017-03-31,16721,Omnibus Report on Significant Trade Deficits,"",13786,""
82 FR 16723, 2017-06971,16724,https://www.federalregister.gov/documents/2017/04/05/2017-06971/providing-an-order-of-succession-within-the-department-of-justice,https://www.govinfo.gov/content/pkg/FR-2017-04-05/pdf/2017-06971.pdf,Presidential Document,Executive Order,04/05/2017,2017-03-31,16723,Providing an Order of Succession Within the Department of Justice,"Revokes: EO 13775, February 9, 2017",13787,""
82 FR 16283, 2017-06716,16285,https://www.federalregister.gov/documents/2017/04/03/2017-06716/establishing-the-presidents-commission-on-combating-drug-addiction-and-the-opioid-crisis,https://www.govinfo.gov/content/pkg/FR-2017-04-03/pdf/2017-06716.pdf,Presidential Document,Executive Order,04/03/2017,2017-03-29,16283,Establishing the President's Commission on Combating Drug Addiction and the Opioid Crisis,"",13784,""
82 FR 16093, 2017-06576,16097,https://www.federalregister.gov/documents/2017/03/31/2017-06576/promoting-energy-independence-and-economic-growth,https://www.govinfo.gov/content/pkg/FR-2017-03-31/pdf/2017-06576.pdf,Presidential Document,Executive Order,03/31/2017,2017-03-28,16093,Promoting Energy Independence and Economic Growth,"Revokes: EO 13653, November 1, 2013
See: EO 13790, April 25, 2017; EO 13817, December 20, 2017; Revoked by: EO 13990, January 20, 2021",13783,""
82 FR 15607, 2017-06382,15607,https://www.federalregister.gov/documents/2017/03/30/2017-06382/revocation-of-federal-contracting-executive-orders,https://www.govinfo.gov/content/pkg/FR-2017-03-30/pdf/2017-06382.pdf,Presidential Document,Executive Order,03/30/2017,2017-03-27,15607,Revocation of Federal Contracting Executive Orders,"Revokes: EO 13673, July 31, 2014; EO 13738, August 23, 2016
Revokes in part: EO 13683, December 11, 2014
See: EO 13771, January 30, 2017",13782,""
82 FR 13959, 2017-05399,13960,https://www.federalregister.gov/documents/2017/03/16/2017-05399/comprehensive-plan-for-reorganizing-the-executive-branch,https://www.govinfo.gov/content/pkg/FR-2017-03-16/pdf/2017-05399.pdf,Presidential Document,Executive Order,03/16/2017,2017-03-13,13959,Comprehensive Plan for Reorganizing the Executive Branch,"See: EO 13807, August 15, 2017",13781,""
82 FR 13209, 2017-04837,13219,https://www.federalregister.gov/documents/2017/03/09/2017-04837/protecting-the-nation-from-foreign-terrorist-entry-into-the-united-states,https://www.govinfo.gov/content/pkg/FR-2017-03-09/pdf/2017-04837.pdf,Presidential Document,Executive Order,03/09/2017,2017-03-06,13209,Protecting the Nation From Foreign Terrorist Entry Into the United States,"See: EO 13769, January 27, 2017; EO 13815, October 24, 2017",13780,""
82 FR 12497, 2017-04353,12498,https://www.federalregister.gov/documents/2017/03/03/2017-04353/restoring-the-rule-of-law-federalism-and-economic-growth-by-reviewing-the-waters-of-the-united,https://www.govinfo.gov/content/pkg/FR-2017-03-03/pdf/2017-04353.pdf,Presidential Document,Executive Order,03/03/2017,2017-02-28,12497,"Restoring the Rule of Law, Federalism, and Economic Growth by Reviewing the ``Waters of the United States'' Rule","See: EO 13790 of April 25, 2017; Revoked by: EO 13990, January 20, 2021",13778,""
82 FR 12499, 2017-04357,12502,https://www.federalregister.gov/documents/2017/03/03/2017-04357/white-house-initiative-to-promote-excellence-and-innovation-at-historically-black-colleges-and,https://www.govinfo.gov/content/pkg/FR-2017-03-03/pdf/2017-04357.pdf,Presidential Document,Executive Order,03/03/2017,2017-02-28,12499,White House Initiative To Promote Excellence and Innovation at Historically Black Colleges and Universities,"Revokes: EO 13532, February 26, 2010
Continued by: EO 13811, September 29, 2017 
Superseded by: EP 14041, September 3, 2021",13779,""
82 FR 12285, 2017-04107,12287,https://www.federalregister.gov/documents/2017/03/01/2017-04107/enforcing-the-regulatory-reform-agenda,https://www.govinfo.gov/content/pkg/FR-2017-03-01/pdf/2017-04107.pdf,Presidential Document,Executive Order,03/01/2017,2017-02-24,12285,Enforcing the Regulatory Reform Agenda,"See: EO 12866, September 30, 1993; EO 13563, January 18, 2011; EO 13771, January 30, 2017 
Revoked by: EO 13992, January 20, 2021",13777,""
82 FR 10691, 2017-03113,10693,https://www.federalregister.gov/documents/2017/02/14/2017-03113/enforcing-federal-law-with-respect-to-transnational-criminal-organizations-and-preventing,https://www.govinfo.gov/content/pkg/FR-2017-02-14/pdf/2017-03113.pdf,Presidential Document,Executive Order,02/14/2017,2017-02-09,10691,Enforcing Federal Law With Respect to Transnational Criminal Organizations and Preventing International Trafficking,"",13773,""
82 FR 10695, 2017-03115,10696,https://www.federalregister.gov/documents/2017/02/14/2017-03115/preventing-violence-against-federal-state-tribal-and-local-law-enforcement-officers,https://www.govinfo.gov/content/pkg/FR-2017-02-14/pdf/2017-03115.pdf,Presidential Document,Executive Order,02/14/2017,2017-02-09,10695,"Preventing Violence Against Federal, State, Tribal, and Local Law Enforcement Officers","",13774,""
82 FR 10699, 2017-03118,10700,https://www.federalregister.gov/documents/2017/02/14/2017-03118/task-force-on-crime-reduction-and-public-safety,https://www.govinfo.gov/content/pkg/FR-2017-02-14/pdf/2017-03118.pdf,Presidential Document,Executive Order,02/14/2017,2017-02-09,10699,Task Force on Crime Reduction and Public Safety,"",13776,""
82 FR 10697, 2017-03116,10698,https://www.federalregister.gov/documents/2017/02/14/2017-03116/providing-an-order-of-succession-within-the-department-of-justice,https://www.govinfo.gov/content/pkg/FR-2017-02-14/pdf/2017-03116.pdf,Presidential Document,Executive Order,02/14/2017,2017-02-09,10697,Providing an Order of Succession Within the Department of Justice,"Revokes: EO 13762, January 13, 2017
Revoked by: EO 13787, March 31, 2017",13775,""
82 FR 9965, 2017-02762,9966,https://www.federalregister.gov/documents/2017/02/08/2017-02762/core-principles-for-regulating-the-united-states-financial-system,https://www.govinfo.gov/content/pkg/FR-2017-02-08/pdf/2017-02762.pdf,Presidential Document,Executive Order,02/08/2017,2017-02-03,9965,Core Principles for Regulating the United States Financial System,"Revoked by: EO 14018, February 24, 2021",13772,""
82 FR 9333, 2017-02450,9338,https://www.federalregister.gov/documents/2017/02/03/2017-02450/ethics-commitments-by-executive-branch-appointees,https://www.govinfo.gov/content/pkg/FR-2017-02-03/pdf/2017-02450.pdf,Presidential Document,Executive Order,02/03/2017,2017-01-28,9333,Ethics Commitments by Executive Branch Appointees,"Supersedes: EO 13490, January 21, 2009",13770,""
82 FR 9339, 2017-02451,9341,https://www.federalregister.gov/documents/2017/02/03/2017-02451/reducing-regulation-and-controlling-regulatory-costs,https://www.govinfo.gov/content/pkg/FR-2017-02-03/pdf/2017-02451.pdf,Presidential Document,Executive Order,02/03/2017,2017-01-30,9339,Reducing Regulation and Controlling Regulatory Costs,"See: EO 12866, September 30, 1993; EO 13777, February 24, 2017; EO 13782, March 27, 2017; EO 13790, April 25, 2017; EO 13817, December 20, 2017
 Revoked by: EO 13992, January 20, 2021",13771,""
82 FR 8977, 2017-02281,8982,https://www.federalregister.gov/documents/2017/02/01/2017-02281/protecting-the-nation-from-foreign-terrorist-entry-into-the-united-states,https://www.govinfo.gov/content/pkg/FR-2017-02-01/pdf/2017-02281.pdf,Presidential Document,Executive Order,02/01/2017,2017-01-27,8977,Protecting the Nation From Foreign Terrorist Entry Into the United States,"See: EO 13780, March 6, 2017",13769,""
82 FR 8657, 2017-02029,8658,https://www.federalregister.gov/documents/2017/01/30/2017-02029/expediting-environmental-reviews-and-approvals-for-high-priority-infrastructure-projects,https://www.govinfo.gov/content/pkg/FR-2017-01-30/pdf/2017-02029.pdf,Presidential Document,Executive Order,01/30/2017,2017-01-24,8657,Expediting Environmental Reviews and Approvals for High Priority Infrastructure Projects,"See: EO 13807, August 15, 2017; Revoked by: EO 13990, January 20, 2021",13766,""
82 FR 8793, 2017-02095,8797,https://www.federalregister.gov/documents/2017/01/30/2017-02095/border-security-and-immigration-enforcement-improvements,https://www.govinfo.gov/content/pkg/FR-2017-01-30/pdf/2017-02095.pdf,Presidential Document,Executive Order,01/30/2017,2017-01-25,8793,Border Security and Immigration Enforcement Improvements,"Revoked by: EO 14010, February 2, 2021",13767,""
82 FR 8799, 2017-02102,8803,https://www.federalregister.gov/documents/2017/01/30/2017-02102/enhancing-public-safety-in-the-interior-of-the-united-states,https://www.govinfo.gov/content/pkg/FR-2017-01-30/pdf/2017-02102.pdf,Presidential Document,Executive Order,01/30/2017,2017-01-25,8799,Enhancing Public Safety in the Interior of the United States,"Revoked by: EO 13993 of January 20, 2021",13768,""
82 FR 8351, 2017-01799,8352,https://www.federalregister.gov/documents/2017/01/24/2017-01799/minimizing-the-economic-burden-of-the-patient-protection-and-affordable-care-act-pending-repeal,https://www.govinfo.gov/content/pkg/FR-2017-01-24/pdf/2017-01799.pdf,Presidential Document,Executive Order,01/24/2017,2017-01-20,8351,Minimizing the Economic Burden of the Patient Protection and Affordable Care Act Pending Repeal,"Revoked by: EO 14009, January 28, 2021",13765,""
